Date,Close,High,Low,Open,Volume,ticker,sector
2025-08-28,231.70408630371094,232.55096405412047,228.4959359400532,229.9704999102399,38074700,AAPL,Tech
2025-08-29,231.28562927246094,232.52107103838586,230.51845893056873,231.65426265633033,39418400,AAPL,Tech
2025-09-02,228.87454223632812,230.00038826150748,226.1346633063032,228.4062708029861,44075600,AAPL,Tech
2025-09-03,237.5923309326172,237.9709372370204,233.49745685978084,236.33697373754433,66427800,AAPL,Tech
2025-09-04,238.8975067138672,239.0170601981439,235.8687018920251,237.57239985348932,47549400,AAPL,Tech
2025-09-05,238.80784606933594,240.43185187342493,237.61226559630578,239.1167027112504,54870400,AAPL,Tech
2025-09-08,237.0045166015625,239.2661511981365,235.47017586985078,238.41928864081726,48999500,AAPL,Tech
2025-09-09,233.4875030517578,237.90119155812317,232.5011411802574,236.12774389612645,66313900,AAPL,Tech
2025-09-10,225.95530700683594,231.56459101144756,225.11840222253522,231.3354417686907,83440800,AAPL,Tech
2025-09-11,229.18341064453125,229.60186307827533,225.81584532196928,226.04500979013486,50208600,AAPL,Tech
2025-09-12,233.2085418701172,233.6469097348115,228.17712472443904,228.37638560886936,55824200,AAPL,Tech
2025-09-15,235.828857421875,237.31337916896246,234.16500543557729,236.12775635652346,42699500,AAPL,Tech
2025-09-16,237.2735137939453,240.33222235518573,235.45026224943368,236.30708253667353,63421100,AAPL,Tech
2025-09-17,238.11044311523438,239.21635855568803,236.85507060288438,238.09051246512186,46508000,AAPL,Tech
2025-09-18,237.0045166015625,240.31228984200703,235.77903252032195,239.08682096339746,44249600,AAPL,Tech
2025-09-19,244.59646606445312,245.3935247988757,239.32594197772087,240.34217704154452,163741300,AAPL,Tech
2025-09-22,255.13751220703125,255.69547916115815,247.2068166293636,247.38616206443075,105517400,AAPL,Tech
2025-09-23,253.49359130859375,256.3928850249964,252.64672876089196,254.9382669065294,60275200,AAPL,Tech
2025-09-24,251.38140869140625,254.79879299943292,250.11607847800005,254.2807025242173,42303700,AAPL,Tech
2025-09-25,255.9246063232422,256.22352044118514,250.7836088309123,252.27808820484515,55202100,AAPL,Tech
2025-09-26,254.51980590820312,256.6519291955366,252.84598111295833,253.16481067495934,46076300,AAPL,Tech
2025-09-29,253.49359130859375,254.06150078407975,252.07881928540593,253.62311772285494,40127700,AAPL,Tech
2025-09-30,253.69287109375,254.97811672142575,252.17846100632588,253.92202035086734,37704300,AAPL,Tech
2025-10-01,254.5098419189453,257.83756097799323,253.9917514638179,254.10134722927504,48713900,AAPL,Tech
2025-10-02,256.18365478515625,257.229778167004,253.21461153357077,255.63566078088252,42630200,AAPL,Tech
2025-10-03,257.07037353515625,258.2858846694617,253.01536064819075,253.73271197999827,49155600,AAPL,Tech
2025-10-06,255.7452850341797,258.1165305885388,254.1113214696764,257.0404883747525,44664100,AAPL,Tech
2025-10-07,255.5360870361328,256.4526841311554,254.48993311029045,255.86485915808862,31955800,AAPL,Tech
2025-10-08,257.1102294921875,257.56852798749276,255.16739414069707,255.5758888188916,36496900,AAPL,Tech
2025-10-09,253.10501098632812,257.0504430809132,252.20832947523735,256.86113993459566,38322000,AAPL,Tech
2025-10-10,244.3673095703125,255.436420799504,243.10197943699816,254.00171816056968,61999100,AAPL,Tech
2025-10-13,246.74851989746094,248.7710475029622,244.6562426215344,248.46219085423505,38142900,AAPL,Tech
2025-10-14,246.8581085205078,247.93413549962378,243.79940008876653,245.69241642712313,35478000,AAPL,Tech
2025-10-15,248.42233276367188,250.89321639065437,246.559219921403,248.57178982967116,33893600,AAPL,Tech
2025-10-16,246.53929138183594,248.1234359576197,244.22783772705108,247.33635013275978,39777000,AAPL,Tech
2025-10-17,251.36148071289062,252.4474806979352,246.3599669580113,247.1072067041429,49147000,AAPL,Tech
2025-10-20,261.27484130859375,263.4069798400544,254.68918336894043,254.94822099113512,90483000,AAPL,Tech
2025-10-21,261.8028869628906,264.3136317818121,260.86634411857244,260.9161783410852,46695900,AAPL,Tech
2025-10-22,257.49884033203125,261.882640960004,254.48993535873984,261.68336485657886,45015300,AAPL,Tech
2025-10-23,258.6246643066406,259.66084534801524,257.06046542540827,258.9833552231903,32754900,AAPL,Tech
2025-10-24,261.85272216796875,263.15789839957887,258.22610426270086,260.2287163700197,38253700,AAPL,Tech
2025-10-27,267.8206787109375,268.1295353654346,263.67598537979285,263.90514984178776,44888200,AAPL,Tech
2025-10-28,268.0099792480469,268.89671830922975,267.1631014853557,268.00000632210845,41534800,AAPL,Tech
2025-10-29,268.7073974609375,270.4110953948544,266.1269030442272,268.28892986747474,51086700,AAPL,Tech
2025-10-30,270.4011535644531,273.131090148023,267.49191714200913,270.98897852374654,69886500,AAPL,Tech
2025-10-31,269.3749084472656,276.29934139392066,268.1693703205502,275.97053891965146,86167100,AAPL,Tech
2025-11-03,268.0597839355469,269.8531775103368,265.2701011373342,269.42476736726525,50194600,AAPL,Tech
2025-11-04,269.0461730957031,270.49081837885313,266.6350661079627,267.3424445625432,49274800,AAPL,Tech
2025-11-05,269.1457824707031,270.70003856307255,265.94757476828966,267.6213843438783,43683100,AAPL,Tech
2025-11-06,268.7771301269531,272.3937751745226,266.90407480138714,266.90407480138714,51204000,AAPL,Tech
2025-11-07,267.4819030761719,271.28785094446636,265.78814772800683,268.8069946610708,48227400,AAPL,Tech
2025-11-10,268.6985778808594,272.98692304032335,266.733924572705,268.2298525605972,41312400,AAPL,Tech
2025-11-11,274.5028076171875,275.16101963639426,269.0675899882029,269.07757258136417,46208300,AAPL,Tech
2025-11-12,272.7276916503906,274.9815668240292,270.96250711171905,274.2535373864602,48398000,AAPL,Tech
2025-11-13,272.20904541015625,275.9488654308047,271.3513641926929,273.3658696206449,49602800,AAPL,Tech
2025-11-14,271.6705322265625,275.21088338895913,268.8681625557137,270.31420819279356,47431300,AAPL,Tech
2025-11-17,266.73394775390625,269.7557213346742,265.00866346949266,268.09027174019775,45018300,AAPL,Tech
2025-11-18,266.7139892578125,269.97510130800674,264.59974924229334,269.25705465795,45677300,AAPL,Tech
2025-11-19,267.83099365234375,271.47107967039307,264.77930243197466,264.80921977983166,40424500,AAPL,Tech
2025-11-20,265.5272521972656,274.68232536305425,265.1981613886433,270.09480618650156,45823600,AAPL,Tech
2025-11-21,270.75299072265625,272.5879921198442,264.9488130991126,265.2280517805383,59030800,AAPL,Tech
2025-11-24,275.1710205078125,276.24807542504453,270.164627965921,270.164627965921,65585800,AAPL,Tech
2025-11-25,276.2181396484375,279.6188865292943,274.5028075356392,274.52274228722064,46914200,AAPL,Tech
2025-11-26,276.7966003417969,278.7712367451818,275.8791146523587,276.2082055022192,33431400,AAPL,Tech
2025-11-28,278.0930480957031,278.242634823177,275.2407959413455,276.50736791500816,20135600,AAPL,Tech
2025-12-01,282.3315124511719,282.65065109438723,275.3904143522869,277.2553332443013,46587700,AAPL,Tech
2025-12-02,285.4131164550781,286.619823290159,281.86278279875575,282.231773534172,53669500,AAPL,Tech
2025-12-03,283.378662109375,287.8365294074879,282.5309633672564,285.4231155973949,43538700,AAPL,Tech
2025-12-04,279.9380187988281,283.95707766942763,277.83373081751637,283.3287830094401,43989100,AAPL,Tech
2025-12-05,278.0232238769531,280.37683325787106,277.2951945750906,279.77845592816414,47265800,AAPL,Tech
2025-12-08,277.1356506347656,278.9108174051644,275.4003533668138,277.374989388386,38211800,AAPL,Tech
2025-12-09,276.4275817871094,279.2698514894354,276.16830825817004,277.40493251311347,32193300,AAPL,Tech
2025-12-10,278.0232238769531,278.9905919368044,275.68957968235776,276.9960211276047,33038300,AAPL,Tech
2025-12-11,277.2752685546875,278.8310314000742,273.0667227973629,278.34237127554803,33248000,AAPL,Tech
2025-12-12,277.5245666503906,278.4620173164318,276.06853855760204,277.14559334691864,39532900,AAPL,Tech
2025-12-15,273.3658752441406,279.3894873363706,272.0993337942639,279.3894873363706,50409100,AAPL,Tech
2025-12-16,273.8645324707031,274.752131096348,271.0522107383373,272.07941349564567,37648600,AAPL,Tech
2025-12-17,271.10205078125,275.41033087528734,270.9026119684932,274.2634587890498,50138700,AAPL,Tech
2025-12-18,271.4511413574219,272.88723490520505,266.22537510199504,272.8672697170699,51630700,AAPL,Tech
2025-12-19,272.9271240234375,273.8545921928022,269.1673383776201,271.4112306527045,144632000,AAPL,Tech
2025-12-22,270.23443603515625,273.13654030849926,269.7756932559407,272.1192896847017,36571800,AAPL,Tech
2025-12-23,271.62066650390625,271.7603010837797,268.8282792538215,270.1048034873943,29642000,AAPL,Tech
2025-12-24,273.06671142578125,274.6823088952694,271.46109654935304,271.60070067851706,17910600,AAPL,Tech
2025-12-26,272.6578674316406,274.6225212124231,272.1193247047194,273.4158142002898,21521800,AAPL,Tech
2025-12-29,273.0168762207031,273.61522314661676,271.6107000753325,271.9497734782625,23715200,AAPL,Tech
2025-12-30,272.33868408203125,273.3359694836473,271.54086793463244,272.06942798009953,22139600,AAPL,Tech
2025-12-31,271.12200927734375,272.9370761103812,271.0123224859311,272.3187639976345,27293600,AAPL,Tech
2026-01-02,270.27435302734375,277.0857995993762,268.26979943372277,271.52095990203577,37838100,AAPL,Tech
2026-01-05,266.5345458984375,270.7730094869922,265.41759095171795,269.9053759278346,45647200,AAPL,Tech
2026-01-06,261.6478271484375,266.8237416838396,261.4084883511094,266.27524679504927,52352100,AAPL,Tech
2026-01-07,259.6233215332031,262.96423405428067,259.10474402829175,262.485556491205,48309800,AAPL,Tech
2026-01-08,258.3368225097656,258.58614386359903,255.00587765735156,256.3222864925608,50419300,AAPL,Tech
2026-01-09,258.6659240722656,259.5036402038468,255.52448097015204,258.3767027680543,39997000,AAPL,Tech
2026-01-12,259.54351806640625,260.5906555331263,256.1028713590674,258.45648066308013,45263800,AAPL,Tech
2026-01-13,260.34136962890625,261.0993163539261,257.68861696081353,258.01770778709204,45730800,AAPL,Tech
2026-01-14,259.2543029785156,261.1092696408236,256.0131254420647,258.78557762508564,40019400,AAPL,Tech
2026-01-15,257.50909423828125,260.3314293980394,256.35223934409396,259.94247342351326,39388600,AAPL,Tech
2026-01-16,254.83633422851562,258.1971811198186,254.23795690818102,257.1998957308392,72142800,AAPL,Tech
2026-01-20,246.0303192138672,254.09835490933511,242.75922413209136,252.04394930256512,80267500,AAPL,Tech
2026-01-21,246.9777374267578,250.87712721718017,244.51444112970407,248.02489020045314,54641700,AAPL,Tech
2026-01-22,247.67584228515625,250.31864258405668,247.47637302553753,248.52352576906395,39708300,AAPL,Tech
2026-01-23,247.36666870117188,248.73296007338791,244.0157890837153,246.64863719927277,41689000,AAPL,Tech
2026-01-26,254.71669006347656,255.86356228737432,249.121917868832,250.7973501838168,55969200,AAPL,Tech
2026-01-27,257.56890869140625,261.2389423700868,257.5090739976807,258.4664899667647,49648300,AAPL,Tech
2026-01-28,255.74388122558594,258.1572949521919,253.81911240916085,256.9505880888889,41288000,AAPL,Tech
2026-01-29,257.5788879394531,258.94516415300217,253.7193980705993,257.29964922744847,67253000,AAPL,Tech
2026-01-30,258.7756652832031,261.1890792690021,251.49546251262876,254.4773517832236,92443400,AAPL,Tech
2026-02-02,269.27703857421875,269.7557160843994,258.50633807413067,259.3241194003358,73913400,AAPL,Tech
2026-02-03,268.7485046386719,271.1419837262723,266.88355520832346,268.4692659190308,64394700,AAPL,Tech
2026-02-04,275.7394104003906,278.19275421850585,271.55083028665655,271.55083028665655,90545700,AAPL,Tech
2026-02-05,275.1610412597656,278.7412924914769,272.48832346973,277.37501624935936,52977400,AAPL,Tech
2026-02-06,277.364990234375,280.1474248180158,276.1782182606431,276.3677049075235,50453400,AAPL,Tech
2026-02-09,274.13079833984375,277.70443813431814,271.2160169672847,277.41494619870406,44623400,AAPL,Tech
2026-02-10,273.19244384765625,274.87943562430115,272.4537718732244,274.40031021957236,34376900,AAPL,Tech
2026-02-11,275.00921630859375,279.6808719096702,273.9610989943363,274.2106536370846,51931300,AAPL,Tech
2026-02-12,261.2637939453125,275.22886395053104,259.7165366668213,275.09909064411113,81077200,AAPL,Tech
2026-02-13,255.32435607910156,261.7628783299504,254.9949421084194,261.5432690161623,56290700,AAPL,Tech
2026-02-17,263.4099426269531,265.8156532326085,255.08478749757862,257.5903108294174,58469100,AAPL,Tech
2026-02-18,263.8791198730469,266.3447212846438,261.9825104325609,263.13045584681157,34203300,AAPL,Tech
2026-02-19,260.11578369140625,264.00886051677537,259.5867290635135,262.13220471573277,30845300,AAPL,Tech
2026-02-20,264.1086730957031,264.2783836675007,257.7001265171608,258.50868117461044,42070500,AAPL,Tech
2026-02-23,265.705810546875,268.95002088588865,262.91081074777924,263.0206001676805,37308200,AAPL,Tech
2026-02-24,271.6552429199219,274.4003442568012,267.233111068832,267.38283777638213,47014600,AAPL,Tech
2026-02-25,273.74151611328125,274.45024283739696,270.567157599074,271.29586819299504,33714300,AAPL,Tech
2026-02-26,272.4637756347656,275.61811956353745,270.31758130113775,274.4602128097023,32345100,AAPL,Tech
2026-02-27,263.7093811035156,272.3240124520744,262.4217010495403,272.3240124520744,72366500,AAPL,Tech
2026-03-02,264.2484130859375,266.05518620599753,259.73647625260065,261.94253069595567,41827900,AAPL,Tech
2026-03-03,263.2801818847656,265.08695529305965,259.6666350681776,263.0106738027697,38568900,AAPL,Tech
2026-03-04,262.0523376464844,265.67587606267574,260.95432154975975,264.17854815272653,39803100,AAPL,Tech
2026-03-05,259.8263244628906,261.09405110124777,256.79173142961054,260.3254337562426,49658600,AAPL,Tech
2026-03-06,257.0013427734375,258.3090066542827,253.916851068475,258.16927189629365,41120000,AAPL,Tech
2026-03-09,259.41705322265625,260.68477987096253,253.22808575123491,255.2345148744848,38218500,AAPL,Tech
2026-03-10,260.3653564453125,262.01244158439727,256.4922936817907,257.19102845716964,30590800,AAPL,Tech
2026-03-11,260.3453674316406,261.6630231774062,259.08760235948154,260.62486739620806,26218900,AAPL,Tech
2026-03-12,255.30438232421875,258.48871731031414,253.72719511663234,258.1992253881205,40794000,AAPL,Tech
2026-03-13,249.6744384765625,255.87336762960538,249.07551643845036,255.024890934378,36930000,AAPL,Tech
2026-03-16,252.36964416503906,253.43773019062647,249.4348789230203,251.66090222791988,32074200,AAPL,Tech
2026-03-17,253.77711486816406,254.67552076289968,251.7307636559193,252.5093881906664,32361600,AAPL,Tech
2026-03-18,249.49476623535156,254.48585937367065,248.55643828829037,252.1799767808244,35757900,AAPL,Tech
2026-03-19,248.5165252685547,251.38140795985734,246.85947863088072,248.95572868612365,34864100,AAPL,Tech
2026-03-20,247.54823303222656,248.75606899357115,245.56177255944445,247.53824109812177,88331100,AAPL,Tech
2026-03-23,251.04200744628906,254.14646797882926,249.83415620831627,253.51758537106093,40546100,AAPL,Tech
2026-03-24,251.1917266845703,254.37604644028636,249.10545347620703,249.90403139868116,45152300,AAPL,Tech
2026-03-25,252.16998291015625,254.5457480998694,251.15181088451408,253.6473574345128,28476700,AAPL,Tech
2026-03-26,252.43951416015625,256.5421934269488,250.32329549316128,251.67088153367666,41796700,AAPL,Tech
2026-03-27,248.35679626464844,255.03488128462607,247.6281009352486,253.4477020992108,47900000,AAPL,Tech
2026-03-30,246.19065856933594,250.4230956915925,245.07264337813007,249.62453299565456,39446200,AAPL,Tech
2026-03-31,253.337890625,255.02488248828539,246.65982101631488,247.46837564153284,49598100,AAPL,Tech
2026-04-01,255.17462158203125,255.7236296181179,252.8787157917901,253.62737973002484,40059400,AAPL,Tech
2026-04-02,255.464111328125,255.6737439434535,250.20349485503914,253.74717405681358,31289400,AAPL,Tech
2026-04-06,258.3988342285156,261.6929736576745,256.003115847535,256.053045051996,29329900,AAPL,Tech
2026-04-07,253.0484161376953,255.7436185540334,245.2623079794448,255.70368128016966,62148000,AAPL,Tech
2026-04-08,258.43878173828125,259.2872736156141,256.0730086009651,257.98960165960847,41032800,AAPL,Tech
2026-04-09,260.02593994140625,260.65482250105316,255.6138310165902,258.5386040524215,28121600,AAPL,Tech
2026-04-10,260.0159912109375,261.7229364827484,258.5585701252562,259.5168819122501,31291500,AAPL,Tech
2026-04-13,258.73828125,259.71651601158027,256.2027973984465,259.2673359057164,36234700,AAPL,Tech
2026-04-14,258.368896484375,261.4633801130582,256.73183388682423,258.78816168339415,48370700,AAPL,Tech
2026-04-15,265.95538330078125,266.08515659729386,257.35074355126085,257.7001261657452,49913500,AAPL,Tech
2026-04-16,262.9307556152344,266.6840670491935,260.804545264895,266.3246925362851,43323100,AAPL,Tech
2026-04-17,269.7486267089844,271.8149160854778,266.24486962975914,266.4844323486072,61436200,AAPL,Tech
2026-04-20,272.5635681152344,273.7913879220191,269.80850557942483,269.84841238867654,36590200,AAPL,Tech
2026-04-21,265.69586181640625,272.3140256362382,264.9272139873882,271.0163536236942,50209800,AAPL,Tech
2026-04-22,272.68341064453125,273.2523721409737,266.39461467279705,267.3429346055621,43249200,AAPL,Tech
2026-04-23,272.9429016113281,275.2787294551341,271.1660737405759,274.56001085217736,33399600,AAPL,Tech
2026-04-24,270.5771179199219,272.5735550213531,269.16962610782736,272.2741016414235,38157100,AAPL,Tech
2026-04-27,267.1332702636719,267.88193422863776,264.59781690250213,265.6159889280984,41466800,AAPL,Tech
2026-04-28,270.2277526855469,272.7432830913257,268.181416710472,271.8548539018017,40018900,AAPL,Tech
2026-04-29,269.688720703125,270.55716597281076,266.56429174844374,267.07336249706583,30047900,AAPL,Tech
2026-04-30,270.86663818359375,275.50834883767226,267.6623648300734,270.018146234023,91848200,AAPL,Tech
2026-05-01,279.6409606933594,286.7083346607987,277.87409435408995,278.36321169794013,79915400,AAPL,Tech
2026-05-04,276.33685302734375,280.13010214166496,274.3703610857382,279.16182884121525,46668400,AAPL,Tech
2026-05-05,283.67376708984375,284.0630869835518,276.00745521106614,276.43668191704,49311700,AAPL,Tech
2026-05-06,286.9978332519531,287.5168959460148,280.5693031693742,281.4177950537395,58336100,AAPL,Tech
2026-05-07,286.9279479980469,291.60959552514373,285.2709015174152,288.75467457606095,45224300,AAPL,Tech
2026-05-08,292.7974853515625,294.2349225642168,289.48339230776435,289.49338424193445,52692800,AAPL,Tech
2026-05-11,292.42779541015625,293.6267735875138,289.979924827367,291.72841688276577,42247300,AAPL,Tech
2026-05-12,294.54595947265625,295.0155556946294,292.3078994315659,292.3078994315659,45748100,AAPL,Tech
2026-05-13,298.6124572753906,300.6607090744109,293.24708951115105,293.24708951115105,52684300,AAPL,Tech
2026-05-14,297.9530334472656,300.1911240450107,295.12548538387824,299.5616620172475,35324900,AAPL,Tech
2026-05-15,299.9713134765625,302.93875555297063,296.26448829773227,297.643304079477,54862800,AAPL,Tech
2026-05-18,297.5833435058594,300.4009207908792,294.6558756451712,299.98126929450746,34483000,AAPL,Tech
2026-05-19,298.7123718261719,300.2510533099592,296.09463441963413,296.7140952726279,42243600,AAPL,Tech
2026-05-20,301.98956298828125,302.5390768782648,297.82314269813475,297.9230626302997,38229800,AAPL,Tech
2026-05-21,304.7271728515625,305.27671719779084,300.1411318265125,300.80056674721834,42965100,AAPL,Tech
2026-05-22,308.55389404296875,311.13165741506583,305.57645096183757,305.85620846339293,43670200,AAPL,Tech
2026-05-26,308.0643005371094,311.5513139598484,307.4048960873393,309.29325163060713,48000500,AAPL,Tech
2026-05-27,310.5821533203125,312.9900803339556,308.0343323058515,308.0643052358437,50430900,AAPL,Tech
2026-05-28,312.24072265625,312.5304508120942,309.30325358892543,310.412282475935,48220400,AAPL,Tech
2026-05-29,311.7911071777344,314.7285763294451,309.2632884033746,311.5113496628706,70026800,AAPL,Tech
2026-06-01,306.0460510253906,310.67206624496237,304.7571540774977,309.363197507879,48849900,AAPL,Tech
2026-06-02,314.92840576171875,315.1781903378333,306.42572903356995,307.1950545511415,44534700,AAPL,Tech
2026-06-03,309.9926452636719,316.6668815001487,308.5838566628498,313.9092501546009,50836700,AAPL,Tech
2026-06-04,310.9618225097656,313.26982953176514,309.38316692864953,312.96009909963743,44869100,AAPL,Tech
2026-06-05,307.0751647949219,314.8984348439246,306.8853260765596,312.5903972939029,65310500,AAPL,Tech
2026-06-08,301.2801818847656,317.1265012321255,300.9105055796523,308.4739595974908,77949100,AAPL,Tech
2026-06-09,290.29962158203125,300.4908444635933,287.5320194610898,300.0212482417878,70108800,AAPL,Tech
2026-06-10,291.3287353515625,294.4960172141002,287.1323727394638,290.4894628291428,52793300,AAPL,Tech
2026-06-11,295.375244140625,296.7440586571729,289.3404406054596,293.4668864344149,42572500,AAPL,Tech
2026-06-12,290.879150390625,296.88398158337014,289.3704417369658,295.7749221682621,38742100,AAPL,Tech
2026-06-15,296.1645812988281,297.5233947188816,291.4486474146935,293.8665449684006,45732600,AAPL,Tech
2026-06-16,298.9821472167969,300.2210994929347,293.71669913987887,294.99559499590845,39874400,AAPL,Tech
2026-06-17,295.6949768066406,301.8096980081642,294.10632015937927,300.59074812548096,42745100,AAPL,Tech
2026-06-18,297.7532043457031,300.31099586682666,295.3652492546472,297.8530937792582,85962200,AAPL,Tech
2026-06-22,296.75408935546875,302.1594314563154,296.5043047694293,297.05381866220307,44879900,AAPL,Tech
2026-06-23,294.04638671875,301.3800886038737,293.9264950024863,297.2836155142734,52010900,AAPL,Tech
2026-06-24,292.8274230957031,299.4417438827621,292.68755959702736,295.1054570720635,53081900,AAPL,Tech
2026-06-25,274.91290283203125,288.55113481081804,273.5141152813601,287.1523472601469,107013700,AAPL,Tech
2026-06-26,283.53546142578125,285.70360492137456,273.9737007161028,274.7630284991681,261775500,AAPL,Tech
2026-06-29,281.4972229003906,288.12151489662153,279.6088673150861,286.4829438934296,66427000,AAPL,Tech
2026-06-30,289.11065673828125,289.69017405322865,280.45814550695326,280.9277417485351,65100200,AAPL,Tech
2026-07-01,294.1263427734375,296.33442991747245,288.95081360688545,293.1871503157195,50164200,AAPL,Tech
2026-07-02,308.3640441894531,309.15337194761725,293.4269150966668,293.866538367699,75352800,AAPL,Tech
2026-07-06,312.3905944824219,313.9292760509671,306.7354678654279,307.0951430290638,53590000,AAPL,Tech
2026-07-07,310.3923034667969,315.20815732134815,309.88273318392555,315.0183186077797,42490000,AAPL,Tech
2026-07-08,313.1199645996094,314.5487250421545,306.7854009831778,311.6412289475945,41323500,AAPL,Tech
2026-07-09,315.947509765625,316.2572401947346,307.8944576262147,310.24243869469103,48124500,AAPL,Tech
2026-07-10,315.0483093261719,316.6369356310425,311.9010296470402,314.4488202226986,34132300,AAPL,Tech
2026-07-13,317.03656005859375,323.171283634363,315.5078797345754,316.7468014245228,43257800,AAPL,Tech
2026-07-14,314.58868408203125,315.91755515351207,311.64124426456783,313.48965629761443,36336800,AAPL,Tech
2026-07-15,327.2178039550781,328.44675508114506,317.0465830462295,317.34631234952286,60957600,AAPL,Tech
2026-07-16,332.97283935546875,334.3915986652446,326.50841333986017,327.72736328456057,62970600,AAPL,Tech
2026-07-17,333.452392578125,334.7013154010385,328.71648699084636,331.693929977533,63407100,AAPL,Tech
2026-07-20,326.3085632324219,333.4224228207836,323.4010672140761,333.2226134619852,53468000,AAPL,Tech
2026-07-21,327.45758056640625,329.3159936819017,321.94234806189104,322.85156758462244,41338900,AAPL,Tech
2026-07-22,325.60919189453125,328.7164973399543,323.0613709608057,327.58746619388995,38755900,AAPL,Tech
2026-07-23,321.3828430175781,323.0214140443725,319.0748358849152,321.4527900194849,40840800,AAPL,Tech
2026-07-24,332.7330322265625,334.0818750563203,321.3428614810286,321.5127284115298,47489400,AAPL,Tech
2026-07-27,336.61968994140625,339.277401491225,333.73216560461384,334.2517370375488,49604300,AAPL,Tech
2026-07-28,339.78692626953125,342.59453283396704,335.31080637618777,339.73698155301014,51859000,AAPL,Tech
2026-07-29,337.8985900878906,344.2730974331505,337.0593175600121,339.43727163464206,56090800,AAPL,Tech
2026-07-30,333.1426696777344,334.4615395264105,329.30598233808786,332.8129674612056,74817800,AAPL,Tech
2026-07-31,308.6438293457031,310.4222943774597,299.7415030462749,304.54735603914753,132489100,AAPL,Tech
2026-08-03,303.1585693359375,311.5313230344714,302.29929450581176,309.313234694189,75052000,AAPL,Tech
2026-08-04,309.1134033203125,310.1525156602479,301.0603512911937,302.46913991298527,68001000,AAPL,Tech
2026-08-05,310.7320251464844,311.4414048335362,305.40663118634393,309.09342362565195,49438800,AAPL,Tech
2026-08-06,312.14080810546875,316.0174696892129,308.96355554648414,314.06913775686996,46139900,AAPL,Tech
2026-08-07,313.05999755859375,314.53873325457766,310.47223295908327,311.1816431226555,34437200,AAPL,Tech
2026-08-10,308.260009765625,308.260009765625,304.6099853515625,306.8299865722656,44812500,AAPL,Tech
2026-08-11,304.9100036621094,309.9700012207031,302.7900085449219,307.75,37476700,AAPL,Tech
2026-08-12,302.25,305.6600036621094,300.57000732421875,305.1000061035156,41657800,AAPL,Tech
2026-08-13,305.260009765625,306.0,302.04998779296875,304.2099914550781,40349300,AAPL,Tech
2026-08-14,305.92999267578125,307.489990234375,304.29998779296875,306.0,28229400,AAPL,Tech
2026-08-17,305.5899963378906,307.6600036621094,302.94000244140625,306.2099914550781,38169300,AAPL,Tech
2026-08-18,310.0299987792969,311.489990234375,305.739990234375,307.5799865722656,53424500,AAPL,Tech
2026-08-19,316.8299865722656,319.2799987792969,309.6000061035156,310.1400146484375,50505600,AAPL,Tech
2026-08-20,311.29998779296875,320.2799987792969,310.6499938964844,317.4599914550781,40959200,AAPL,Tech
2026-08-21,309.3500061035156,312.3800048828125,307.010009765625,312.04998779296875,46876800,AAPL,Tech
2026-08-24,310.3399963378906,313.3599853515625,309.9700012207031,311.4700012207031,34673600,AAPL,Tech
2026-08-25,309.8999938964844,313.5899963378906,308.2099914550781,310.7900085449219,25869800,AAPL,Tech
2026-08-26,313.45001220703125,315.42999267578125,308.79998779296875,310.29998779296875,34024500,AAPL,Tech
2026-08-27,314.5799865722656,315.3999938964844,309.3999938964844,310.54998779296875,32364000,AAPL,Tech
2025-08-28,505.4810791015625,506.91922816363694,501.3748491905692,502.95187030654046,18015600,MSFT,Tech
2025-08-29,502.55511474609375,505.44137107101903,500.3730559294206,504.5090396010348,20961600,MSFT,Tech
2025-09-02,500.9979248046875,501.87074834041937,492.75574161607386,496.38587753866574,18128000,MSFT,Tech
2025-09-03,501.22607421875,503.64616490840893,498.220801883355,499.6788070917271,16345100,MSFT,Tech
2025-09-04,503.8246765136719,504.0032003466391,499.04400319618804,500.18461248708434,15509500,MSFT,Tech
2025-09-05,490.9605407714844,507.79205789513924,488.35199810583333,504.9157294675595,31994800,MSFT,Tech
2025-09-08,494.1344299316406,497.1099483047291,490.990285532587,494.0451377441344,16771000,MSFT,Tech
2025-09-09,494.34271240234375,498.15137232357364,493.63851485593227,497.33805669614713,14410500,MSFT,Tech
2025-09-10,496.2867126464844,499.1233892811019,492.66650462093776,498.8754294126598,21611800,MSFT,Tech
2025-09-11,496.9215087890625,499.0638857033828,493.8170463660224,498.15138006137016,18881600,MSFT,Tech
2025-09-12,505.73895263671875,508.367321245748,499.73833579713096,502.5154742767582,23624900,MSFT,Tech
2025-09-15,511.1543884277344,511.2634762434591,502.86262476523797,504.63802593930427,17143800,MSFT,Tech
2025-09-16,504.885986328125,513.0091239663263,504.4495745277025,512.6620043570016,19711900,MSFT,Tech
2025-09-17,505.85797119140625,507.11762672901375,501.8013512662406,506.4530809454648,15816600,MSFT,Tech
2025-09-18,504.3008117675781,508.88310546808697,503.51725007824297,507.31598208941665,18913700,MSFT,Tech
2025-09-19,513.7034912109375,515.062306658186,506.1456780893485,506.3936379963221,52474100,MSFT,Tech
2025-09-22,510.2518310546875,513.5149611406991,508.35738375283694,511.3825425873763,20009300,MSFT,Tech
2025-09-23,505.0744323730469,510.3907077578639,503.17008724169204,509.60711582016205,19799600,MSFT,Tech
2025-09-24,505.9869079589844,508.29788064425674,502.7832857896144,506.215041937542,13533700,MSFT,Tech
2025-09-25,502.892333984375,505.8480263178102,500.91858324777104,504.1519591362548,15786500,MSFT,Tech
2025-09-26,507.28619384765625,509.74596656687834,502.4856945681329,505.8976246789574,16213100,MSFT,Tech
2025-09-29,510.4005126953125,512.6321512651683,504.7272205888506,507.3258348805616,17617800,MSFT,Tech
2025-09-30,513.7232666015625,513.9315141469417,505.5009089039439,509.05168089535164,19728200,MSFT,Tech
2025-10-01,515.4688110351562,516.262270347176,507.514240683481,510.59884629763064,22632300,MSFT,Tech
2025-10-02,511.53131103515625,517.343476169315,506.5126054199375,513.4158303625842,21222900,MSFT,Tech
2025-10-03,513.1281127929688,516.2425031799986,510.7973143114264,512.8801529316524,15112300,MSFT,Tech
2025-10-06,524.256591796875,526.6965386672223,513.9712214168786,514.377848960065,21388600,MSFT,Tech
2025-10-07,519.7040405273438,525.4765536672338,517.1847899970462,523.9788663400786,14615200,MSFT,Tech
2025-10-08,520.5668334960938,522.6497323527587,518.8212471755213,519.0096990644043,13363400,MSFT,Tech
2025-10-09,518.1369018554688,520.0511445409561,513.1777050939771,518.0773939158137,18343600,MSFT,Tech
2025-10-10,506.790283203125,519.3073226434543,505.47115003636685,515.3994727403434,24133800,MSFT,Tech
2025-10-13,509.8550720214844,512.1957986627914,507.50441729945595,512.1957986627914,14284200,MSFT,Tech
2025-10-14,509.3789978027344,511.07506506957225,501.87076583985106,506.0662576446326,14684300,MSFT,Tech
2025-10-15,509.2401428222656,512.9694689959882,505.83814063109804,510.75768630195654,14694700,MSFT,Tech
2025-10-16,507.43499755859375,512.6322269089161,503.98341543309897,508.3971133632887,15559600,MSFT,Tech
2025-10-17,509.3889465332031,511.2734052578957,503.1700935064365,504.8859867353243,19867800,MSFT,Tech
2025-10-20,512.57275390625,514.4672014016805,509.24018745186737,510.41055088987974,14665600,MSFT,Tech
2025-10-21,513.4356079101562,514.4572316509175,508.8533142722573,513.2769402267872,15586200,MSFT,Tech
2025-10-22,516.2921142578125,520.943843958813,513.4852520447155,516.8971823641815,18962700,MSFT,Tech
2025-10-23,516.3118896484375,519.6742395740552,514.3777908083965,518.1964086283891,14023500,MSFT,Tech
2025-10-24,519.3369750976562,521.0627658394295,516.4606773737235,518.5236595856693,15532400,MSFT,Tech
2025-10-27,527.1825561523438,530.2175826339089,524.6930292943027,527.4404441110845,18734700,MSFT,Tech
2025-10-28,537.6463623046875,549.2012543795508,536.356983260493,545.5116410650497,29986700,MSFT,Tech
2025-10-29,537.130615234375,541.8121286840217,532.3499420595073,540.4929653309738,36023000,MSFT,Tech
2025-10-30,521.4695434570312,530.6043464776645,517.8592331602406,526.1509968235328,41023100,MSFT,Tech
2025-10-31,513.5843505859375,525.0004316167937,510.896444053691,524.5640198650095,34006400,MSFT,Tech
2025-11-03,512.8107299804688,520.676008789008,510.3906395365282,515.5680119038287,22374700,MSFT,Tech
2025-11-04,510.1328430175781,511.342858187808,503.6957838776707,507.5838081580189,20958700,MSFT,Tech
2025-11-05,503.0213317871094,510.6287541811956,502.4460479183387,509.1112106662694,23024300,MSFT,Tech
2025-11-06,493.04339599609375,501.5732213085109,491.7639146320967,501.53353925537283,27406500,MSFT,Tech
2025-11-07,492.76568603515625,495.30479262227396,489.2248119110569,492.89463000746537,24019800,MSFT,Tech
2025-11-10,501.8707580566406,502.7138276367279,494.72950196106785,495.95940345274505,26101500,MSFT,Tech
2025-11-11,504.5289306640625,505.441436360325,498.2505996850444,500.68058840039413,17980000,MSFT,Tech
2025-11-12,506.9688415527344,507.494515261433,495.0469117437556,505.203338237195,26574900,MSFT,Tech
2025-11-13,499.1828918457031,509.3095642884979,497.1992129195551,506.1455939798088,25273100,MSFT,Tech
2025-11-14,506.01666259765625,507.4250879884235,493.38063720960855,494.1641988801248,28505700,MSFT,Tech
2025-11-17,503.34857177734375,507.9407930820625,500.78963942134817,504.3007594029326,19092800,MSFT,Tech
2025-11-18,489.76043701171875,498.87544447228873,482.8076324047851,491.3275301094218,33815100,MSFT,Tech
2025-11-19,483.14483642578125,491.14898819063853,478.88983663624714,486.1005289347495,23245300,MSFT,Tech
2025-11-20,475.41387939453125,490.45844852333465,472.50235794747454,489.60385435710714,26802500,MSFT,Tech
2025-11-21,469.1436462402344,475.9007957312625,465.3179114267742,475.4834301610789,31769200,MSFT,Tech
2025-11-24,471.0118103027344,473.89352206444323,465.0694984877541,472.0055061050608,34421000,MSFT,Tech
2025-11-25,473.9829406738281,476.12932719889915,461.9592459889855,471.08136597664605,28019800,MSFT,Tech
2025-11-26,482.4393310546875,485.23161394332453,478.1664510662567,483.244222260298,25709100,MSFT,Tech
2025-11-28,488.9082946777344,489.5243812398697,483.5820692635899,484.5260924315005,14386700,MSFT,Tech
2025-12-01,483.6714782714844,486.7718042788117,481.59465771305275,485.3607732415945,23964000,MSFT,Tech
2025-12-02,486.91094970703125,490.38888506208144,483.2541563831954,483.6516286444489,19562700,MSFT,Tech
2025-12-03,474.7182922363281,481.18723109312356,472.2042431453193,473.3171775583083,34615100,MSFT,Tech
2025-12-04,477.8087158203125,478.28570075231454,473.48613274494215,476.7355376297969,22318200,MSFT,Tech
2025-12-05,480.11407470703125,480.35255199911325,475.86105782216015,479.4780948278929,22608700,MSFT,Tech
2025-12-08,487.9245300292969,489.1964595164875,481.32640529111774,481.8331998835391,21965900,MSFT,Tech
2025-12-09,488.9181823730469,489.01755801519323,485.42038417588924,486.016607703579,14696100,MSFT,Tech
2025-12-10,475.5430908203125,481.1972227192708,472.0850182923752,480.9786084159209,35756200,MSFT,Tech
2025-12-11,480.422119140625,482.96597801292137,472.86007818396723,473.6252433732215,24669200,MSFT,Tech
2025-12-12,475.51324462890625,479.40854546431024,473.3370484252935,476.79512068758515,21248100,MSFT,Tech
2025-12-15,471.82666015625,477.6894594742654,469.5411415575728,477.0733729131614,23727700,MSFT,Tech
2025-12-16,473.38677978515625,474.87732355778707,467.911505956298,468.9350114671635,20705600,MSFT,Tech
2025-12-17,473.1184387207031,476.9739832708393,472.0055042784347,473.903466892556,24527200,MSFT,Tech
2025-12-18,480.92889404296875,486.5134594689822,474.8772903878124,475.17538699144035,28573500,MSFT,Tech
2025-12-19,482.8566589355469,484.77448448182145,479.4482594182398,484.2875529363844,70836100,MSFT,Tech
2025-12-22,481.8630065917969,485.64898536737695,479.6470539215635,483.0554234208069,16963000,MSFT,Tech
2025-12-23,483.7807922363281,484.75459468390824,481.6840783901604,481.922585996358,14683600,MSFT,Tech
2025-12-24,484.94342041015625,486.0762481946253,481.77352833631136,482.61817584356095,5855900,MSFT,Tech
2025-12-26,484.6353759765625,485.0427948985028,482.8964083055729,483.64168016456847,8842200,MSFT,Tech
2025-12-29,484.02923583984375,485.27135560420123,481.1276307272214,481.80333660098637,10893400,MSFT,Tech
2025-12-30,484.4068298339844,486.5929423552436,482.4393012721813,482.8665831796088,13944500,MSFT,Tech
2025-12-31,480.5711669921875,485.06269150087525,480.25317705215497,484.7645645601486,15601600,MSFT,Tech
2026-01-02,469.95849609375,481.6046121327098,467.1960229709088,481.3363251826272,25571600,MSFT,Tech
2026-01-05,469.8691101074219,473.06881210295353,466.54022279348425,471.07147364955256,25250300,MSFT,Tech
2026-01-06,475.493408203125,475.7219388392127,466.7886229022075,470.8130789419108,23037700,MSFT,Tech
2026-01-07,480.422119140625,486.6128550141313,474.936929133209,476.73551614076564,25564200,MSFT,Tech
2026-01-08,475.09588623046875,479.61722033317443,472.8600706717694,478.20615894860083,18162600,MSFT,Tech
2026-01-09,476.2585144042969,476.7951186190047,469.2231615927928,471.0714211959582,18491000,MSFT,Tech
2026-01-12,474.1717529296875,477.95773148860775,472.68120923483104,473.6649886945649,23519900,MSFT,Tech
2026-01-13,467.70281982421875,472.7805908527595,463.01257439213845,471.68751939768345,28545800,MSFT,Tech
2026-01-14,456.4839782714844,465.2483824443871,454.2879190598576,463.51933114332076,28184300,MSFT,Tech
2026-01-15,453.7811279296875,461.32327541703046,453.02590941718984,461.1940901109254,23225800,MSFT,Tech
2026-01-16,456.9609375,460.26996150673693,453.60227115836847,454.9437362325269,34246700,MSFT,Tech
2026-01-20,451.6546325683594,453.92025792216236,446.4476759522066,448.3754483517362,26130000,MSFT,Tech
2026-01-21,441.31024169921875,449.836168925793,435.9144806057656,449.74673993987386,37980500,MSFT,Tech
2026-01-22,448.2959289550781,449.9851935867555,441.89652570286836,444.79810039972057,25349400,MSFT,Tech
2026-01-23,463.0125732421875,468.1301005814363,447.6897705604439,449.02131930234236,38000200,MSFT,Tech
2026-01-26,467.3152770996094,471.2602507862521,459.0874767807031,462.3766075757791,29291200,MSFT,Tech
2026-01-27,477.5503234863281,479.82589540353166,470.17711748937944,470.7137217228436,29213900,MSFT,Tech
2026-01-28,478.5937194824219,480.69040309270366,474.9865988275796,480.16374552458444,36875400,MSFT,Tech
2026-01-29,430.76715087890625,439.7104135269112,418.36581575660404,437.2162272399066,128855300,MSFT,Tech
2026-01-30,427.577392578125,436.8286984461687,423.7616041817895,436.4014165119217,58566800,MSFT,Tech
2026-02-02,420.7010192871094,428.0245530606437,419.58808475506504,427.5277051213245,42219900,MSFT,Tech
2026-02-03,408.6176452636719,419.3893041977899,405.9843574339844,419.34957819955315,61424100,MSFT,Tech
2026-02-04,411.578857421875,417.15347618992746,406.66005118226167,408.40896545860215,45012400,MSFT,Tech
2026-02-05,391.188232421875,405.72597626088844,389.84673704915224,404.87141244319446,66289200,MSFT,Tech
2026-02-06,398.61114501953125,399.25704122003975,390.4429643868461,396.6535630940219,53515300,MSFT,Tech
2026-02-09,410.9925842285156,412.2744602868579,398.34282592261525,402.297746078297,45480500,MSFT,Tech
2026-02-10,410.6646728515625,421.0090502850332,410.0982892644293,416.97464756162884,44857900,MSFT,Tech
2026-02-11,401.8207702636719,413.8345489802859,398.4819668946231,413.5563153661985,42491000,MSFT,Tech
2026-02-12,399.30670166015625,403.6392309547976,395.5008602319473,402.4467839094351,40802400,MSFT,Tech
2026-02-13,398.7900085449219,402.98340606348665,395.54060384789733,401.90028127287496,34091600,MSFT,Tech
2026-02-17,394.3581237792969,397.9950542597942,392.04282577248057,396.7032617740463,32078800,MSFT,Tech
2026-02-18,397.08087158203125,400.02220283554806,393.82155037537984,395.62013745533494,23223400,MSFT,Tech
2026-02-19,396.8517761230469,402.7976819572589,395.0690225854118,399.07278661262325,28234000,MSFT,Tech
2026-02-20,395.6267395019531,398.5050592846536,393.56508699389525,394.51123443489973,34015200,MSFT,Tech
2026-02-23,382.918212890625,393.7642431363039,381.55374731391754,393.4057107487328,43238300,MSFT,Tech
2026-02-24,387.4299621582031,387.7884945775691,380.16937672197673,382.58959213032324,33884700,MSFT,Tech
2026-02-25,398.9831237792969,399.84960746436826,388.5852587696308,388.95376053046306,43625500,MSFT,Tech
2026-02-26,400.0986022949219,405.8453028142193,397.1306190557743,403.0765245044552,34405900,MSFT,Tech
2026-02-27,391.15484619140625,395.2183958601928,388.30640407164015,389.30236795593413,51367200,MSFT,Tech
2026-03-02,396.9413757324219,399.57073485574693,389.0533591512552,391.2743390590049,35474900,MSFT,Tech
2026-03-03,402.2996826171875,405.05852201627056,391.0851500003899,391.5532542396072,38199200,MSFT,Tech
2026-03-04,403.5645751953125,409.3710312257941,398.69429724653685,399.6504140582061,35808000,MSFT,Tech
2026-03-05,409.0224304199219,409.9486695143622,402.7677785996419,402.78771732924594,39001300,MSFT,Tech
2026-03-06,407.30938720703125,411.38287590243635,406.8612216895844,407.54843921074234,31123900,MSFT,Tech
2026-03-09,407.757568359375,408.55432729115563,401.8714182880504,403.2857003455267,30131900,MSFT,Tech
2026-03-10,404.122314453125,408.5443965203919,401.30371964643086,408.37506928692744,31706400,MSFT,Tech
2026-03-11,403.245849609375,407.35918518479474,399.96912002302975,403.9330670994013,25512100,MSFT,Tech
2026-03-12,400.238037109375,404.4808530373378,400.08864860368743,402.99687655683135,27263900,MSFT,Tech
2026-03-13,393.9534912109375,403.16615688192843,392.65875035547907,399.3815063856616,26848000,MSFT,Tech
2026-03-16,398.33575439453125,399.01300251860397,393.1965772756644,396.4633374914087,27733700,MSFT,Tech
2026-03-17,397.79791259765625,402.7677623283013,396.1446090107731,398.6544268926901,26228300,MSFT,Tech
2026-03-18,390.2087097167969,396.39363710184665,389.42188971563326,395.5271533612366,25908500,MSFT,Tech
2026-03-19,387.4498596191406,390.90585551603124,385.4977789148814,388.52551763585893,25138800,MSFT,Tech
2026-03-20,380.3287353515625,385.43803509853177,378.58579850034175,385.22889118681917,50853200,MSFT,Tech
2026-03-23,381.4541931152344,385.64719283721575,380.1395134056624,382.3505545919761,29680100,MSFT,Tech
2026-03-24,371.2355651855469,380.9263046350485,370.34917314154325,380.8167328036651,42733600,MSFT,Tech
2026-03-25,369.5424499511719,375.5381416220395,368.13813722010167,375.39872248264555,31181200,MSFT,Tech
2026-03-26,364.492919921875,373.2076042912997,363.71606927386256,369.3233510512375,36836600,MSFT,Tech
2026-03-27,355.33001708984375,360.9871149414508,355.07108715320055,360.43931657918756,37883400,MSFT,Tech
2026-03-30,357.51116943359375,363.8853318939423,354.8419936524484,360.4393055378546,44797000,MSFT,Tech
2026-03-31,368.67596435546875,371.3949263066763,361.6046146993887,363.07862179545566,45244400,MSFT,Tech
2026-04-01,367.8791809082031,372.48052926345224,366.7139201659809,371.98254731341393,29417200,MSFT,Tech
2026-04-02,371.9526672363281,372.1319638369453,362.680245817395,365.7278929006101,24099100,MSFT,Tech
2026-04-06,371.375,372.22157533941066,368.0086373714944,371.98252335059567,16146600,MSFT,Tech
2026-04-07,370.78741455078125,370.9467724245638,365.080530373921,368.8452727581139,21443300,MSFT,Tech
2026-04-08,372.81915283203125,383.4461010048471,369.9109552686541,383.426192668859,33064800,MSFT,Tech
2026-04-09,371.56427001953125,371.99252721403565,365.5685477188417,370.9965632857518,30435300,MSFT,Tech
2026-04-10,369.3731384277344,374.12390583360843,368.5365323725683,371.47463812837884,28111100,MSFT,Tech
2026-04-13,382.8186340332031,382.98796126737693,369.5225100750242,372.10205289266787,35745800,MSFT,Tech
2026-04-14,391.5233459472656,393.09698589720546,384.95994763093,386.3543213772784,37504500,MSFT,Tech
2026-04-15,409.5602722167969,412.69755239260473,395.1287651714373,396.3936283702306,45063400,MSFT,Tech
2026-04-16,418.56378173828125,419.12151906860663,410.4765600541581,418.16537187855886,41642400,MSFT,Tech
2026-04-17,421.0835876464844,429.83808848207923,418.99205736838906,423.10539315661504,48568200,MSFT,Tech
2026-04-20,416.38262939453125,421.6213787702164,414.6197538627068,419.4501847919345,27582200,MSFT,Tech
2026-04-21,422.44805908203125,425.4558591722327,415.51615872358184,418.54386715015573,32048500,MSFT,Tech
2026-04-22,431.1726989746094,431.9495495900464,421.9600330275293,424.4698510786937,29378200,MSFT,Tech
2026-04-23,414.07196044921875,421.9500379562064,409.7494810939023,418.19526527607866,38308000,MSFT,Tech
2026-04-24,422.90618896484375,423.23487407473965,414.12178001797366,415.28707116170386,27457400,MSFT,Tech
2026-04-27,423.1053771972656,425.38611256831246,415.3866572294081,420.6752229306716,30867300,MSFT,Tech
2026-04-28,427.5174865722656,428.1847957314844,420.197146128082,422.8563830057505,30438100,MSFT,Tech
2026-04-29,422.7467956542969,425.0972860808559,418.59364353468584,422.866306449911,38288300,MSFT,Tech
2026-04-30,406.1341552734375,412.74737011555624,396.4035989759817,409.15192465494977,70909400,MSFT,Tech
2026-05-01,412.76727294921875,415.4264794885345,408.7834174283456,411.1338775963461,31372400,MSFT,Tech
2026-05-04,411.9505615234375,419.0816663151199,409.14193618030583,409.87897009526375,28066500,MSFT,Tech
2026-05-05,409.7196350097656,415.09783400354706,407.1500311208482,413.6437352165572,25700900,MSFT,Tech
2026-05-06,412.2891845703125,416.73120520087787,403.4748984673602,406.3532485673598,30285900,MSFT,Tech
2026-05-07,419.07171630859375,426.25263786097554,417.06984955189336,418.41437649189606,34942400,MSFT,Tech
2026-05-08,413.44451904296875,416.9403619714099,412.32904436576047,415.70537649227293,33383800,MSFT,Tech
2026-05-11,410.99444580078125,411.02432350049145,403.86334099070683,406.22377045102496,35657900,MSFT,Tech
2026-05-12,406.1241760253906,413.8229876767416,404.9987623844293,412.8071154720842,38594200,MSFT,Tech
2026-05-13,403.57452392578125,404.6700902960666,399.41140211310335,401.57265715241186,29667100,MSFT,Tech
2026-05-14,407.7774963378906,410.1777730080913,399.2620170659624,402.847493220503,27077500,MSFT,Tech
2026-05-15,420.2170715332031,426.4418454559798,411.2434277199191,412.5979239362014,50771200,MSFT,Tech
2026-05-18,421.83056640625,423.40417602339767,413.9325494355234,414.93848271907115,32564100,MSFT,Tech
2026-05-19,415.7352600097656,430.9535870211983,414.808990493047,428.16486989475214,33018700,MSFT,Tech
2026-05-20,419.36053466796875,420.3963455784958,409.63991780241736,412.49835957243755,27864000,MSFT,Tech
2026-05-21,418.3025207519531,425.5388979071037,414.92886694253497,423.9518891931334,31393500,MSFT,Tech
2026-05-22,417.7835388183594,423.60257118762803,415.54772693408205,418.7517174636334,22390300,MSFT,Tech
2026-05-26,415.248291015625,418.9812539216563,412.24393696715845,415.6475333356961,30398000,MSFT,Tech
2026-05-27,411.8946228027344,415.15846763645,408.8104019854481,410.23773822181624,28901500,MSFT,Tech
2026-05-28,426.18768310546875,428.68298564682067,411.89461329838434,412.2040283766931,47250500,MSFT,Tech
2026-05-29,449.3940124511719,449.48383969057267,431.54760317786213,431.7372486144539,79654400,MSFT,Tech
2026-06-01,459.6546936035156,465.4438139523178,457.40892124774234,463.96658383705716,53628900,MSFT,Tech
2026-06-02,440.48077392578125,452.64787129328397,439.6024225764256,446.0403151791343,37036800,MSFT,Tech
2026-06-03,426.53704833984375,439.56254639446627,423.45285793258154,437.62618910935214,39037000,MSFT,Tech
2026-06-04,427.2456970214844,435.33048350032107,425.60879436274143,434.9911260035114,26899500,MSFT,Tech
2026-06-05,415.8870849609375,428.66302140752947,413.6213308264138,427.5351398188391,34782200,MSFT,Tech
2026-06-08,410.9663391113281,416.37616844333525,407.79232157753756,413.3618539280056,32086700,MSFT,Tech
2026-06-09,402.6520080566406,411.20591258759293,397.7312786929967,408.26144336727174,35317300,MSFT,Tech
2026-06-10,396.61334228515625,404.2789346443135,396.41373636313654,397.80110870103243,32576000,MSFT,Tech
2026-06-11,389.6065673828125,396.1043451719433,383.278483574852,394.46741202742857,47224100,MSFT,Tech
2026-06-12,390.00579833984375,391.003919361718,381.55171206615995,390.6945042817559,34865800,MSFT,Tech
2026-06-15,399.0088806152344,400.99513175706005,392.11186050588947,396.05442037645633,32266400,MSFT,Tech
2026-06-16,393.0899963378906,396.094350419825,389.9559121071713,395.0463355104342,31506800,MSFT,Tech
2026-06-17,378.1980285644531,389.6364865987809,376.6110198431126,389.51671695343225,41987800,MSFT,Tech
2026-06-18,378.6871032714844,380.6534028700893,372.5786075934489,377.11008548581106,59714200,MSFT,Tech
2026-06-22,366.6497802734375,380.9129385065033,366.3802985575179,375.0339909424311,45171100,MSFT,Tech
2026-06-23,373.23736572265625,376.51120135394876,369.9735210485466,371.6802994138851,40647600,MSFT,Tech
2026-06-24,364.7733154296875,378.16811350773463,364.09460041679364,370.87185096853153,44509900,MSFT,Tech
2026-06-25,352.1670227050781,363.5456265920902,348.54386902384044,362.0883479855026,66179000,MSFT,Tech
2026-06-26,372.2691955566406,375.90234020580533,354.762144454129,356.4789138154501,186201600,MSFT,Tech
2026-06-29,367.8774719238281,379.7850483907747,359.2237492715265,376.790685328561,51229900,MSFT,Tech
2026-06-30,372.319091796875,373.44697342275583,366.7595808670141,370.3328407149792,44945700,MSFT,Tech
2026-07-01,383.5579528808594,388.09939143880604,374.18561213385976,380.1144231011508,48065800,MSFT,Tech
2026-07-02,389.7562561035156,391.4630649298244,382.97903650468743,383.7575696594082,42128900,MSFT,Tech
2026-07-06,386.0133056640625,388.418780928489,380.5036887115837,386.31276024010407,34224500,MSFT,Tech
2026-07-07,388.109375,394.8267404517197,387.4905448392632,391.75251064257776,29297500,MSFT,Tech
2026-07-08,382.6197204589844,384.58602015004215,380.6134873969759,383.3084264217563,25908300,MSFT,Tech
2026-07-09,383.6377868652344,383.92725049460796,372.64849496928053,373.74643420118315,31083200,MSFT,Tech
2026-07-10,384.37640380859375,391.1736053926777,380.783162110783,387.07131223677504,24644600,MSFT,Tech
2026-07-13,390.2553405761719,392.91034623109437,383.4281962321871,387.02143811329415,28914900,MSFT,Tech
2026-07-14,384.20672607421875,387.46061042423804,377.93852713765,382.1007052927433,27863900,MSFT,Tech
2026-07-15,394.8866271972656,398.2103568181361,385.6739591427675,387.07132248997675,36253700,MSFT,Tech
2026-07-16,400.3463439941406,405.2271399033625,391.31333055964967,397.56157784187184,37047400,MSFT,Tech
2026-07-17,393.08001708984375,397.64143734197864,388.6583483977542,394.1180409920291,33049800,MSFT,Tech
2026-07-20,401.53411865234375,402.4224305318551,388.91785418191677,390.67455694621333,27915800,MSFT,Tech
2026-07-21,397.00262451171875,400.7156358198418,395.57531880381754,398.0606303262699,24126600,MSFT,Tech
2026-07-22,389.6065673828125,400.246541441447,386.2329133568751,398.8291961465565,28142500,MSFT,Tech
2026-07-23,380.8630065917969,391.04385321150613,376.68090752842744,389.23725659651495,30351800,MSFT,Tech
2026-07-24,380.9828186035156,388.29903252889795,379.9347732203772,386.32274187573427,27659400,MSFT,Tech
2026-07-27,388.368896484375,393.45931979821836,387.2609663085435,389.3470355932277,27856200,MSFT,Tech
2026-07-28,392.61090087890625,399.56780545733704,390.5647345556998,392.4212554523594,32367500,MSFT,Tech
2026-07-29,389.8061828613281,400.4960502148319,388.00954678983055,392.6607942930367,47209000,MSFT,Tech
2026-07-30,450.2524108886719,457.8281459885008,431.6274684759506,437.07720086969465,110160700,MSFT,Tech
2026-07-31,463.8468017578125,465.962813447145,448.4857046349594,449.1544591210436,60846000,MSFT,Tech
2026-08-03,486.73370361328125,490.7261876465455,474.10747895013026,475.2353605631651,66762100,MSFT,Tech
2026-08-04,491.884033203125,498.50158065157444,478.2696778930625,479.99640781848416,50455500,MSFT,Tech
2026-08-05,486.5440673828125,497.3038108374591,484.7674131728324,495.42733843271316,33388900,MSFT,Tech
2026-08-06,498.9207458496094,500.61756372489685,487.60205742358346,487.6319998350186,36441500,MSFT,Tech
2026-08-07,499.0505065917969,504.23075699317457,497.79289485093346,498.2719734340298,28846200,MSFT,Tech
2026-08-10,505.109130859375,512.7647021753171,501.32624359045303,502.4940586092805,31206100,MSFT,Tech
2026-08-11,502.86334228515625,504.38047525067043,498.61133704649393,503.3823542433026,23049800,MSFT,Tech
2026-08-12,491.5047302246094,500.557695253814,490.59643643442394,499.0505227551261,29001500,MSFT,Tech
2026-08-13,495.9463806152344,500.3979918654044,492.0836571155829,492.34314786956145,23039000,MSFT,Tech
2026-08-14,494.4691467285156,499.07050046550256,492.991947114923,495.42733437790497,16217600,MSFT,Tech
2026-08-17,479.44744873046875,491.73431632358415,477.51109147171053,489.21906226283284,29635800,MSFT,Tech
2026-08-18,480.72503662109375,483.36006030134655,476.2534434403709,480.6352093836093,24087600,MSFT,Tech
2026-08-19,483.3999938964844,488.3806080919379,478.4592826108848,479.16797047398614,19961900,MSFT,Tech
2026-08-20,481.1499938964844,484.1600036621094,479.5,483.29998779296875,20020800,MSFT,Tech
2026-08-21,483.239990234375,486.3599853515625,478.5299987792969,479.8800048828125,22510800,MSFT,Tech
2026-08-24,487.30999755859375,490.6099853515625,481.8599853515625,483.2099914550781,17230800,MSFT,Tech
2026-08-25,491.7099914550781,492.44000244140625,484.29998779296875,485.44000244140625,19519000,MSFT,Tech
2026-08-26,496.3699951171875,497.3999938964844,487.30999755859375,487.8500061035156,20758900,MSFT,Tech
2026-08-27,505.05999755859375,506.4800109863281,490.0799865722656,494.8800048828125,28649300,MSFT,Tech
2025-08-28,295.4184265136719,295.5852185641284,293.0929201153854,294.38811877937053,6410500,JPM,Finance
2025-08-29,295.7618713378906,297.2631495608047,294.10359298088383,296.37022814205386,6796400,JPM,Finance
2025-09-02,294.07415771484375,294.8198709218748,288.9717581566039,294.62364321253557,7221900,JPM,Finance
2025-09-03,293.8877258300781,294.9278255320024,290.8164761661132,294.9278255320024,6316900,JPM,Finance
2025-09-04,298.1168212890625,298.7153562428407,292.68080753910596,294.36852159403367,6605800,JPM,Finance
2025-09-05,288.8540344238281,299.42185399614533,288.7853412459479,297.9500113286781,9837700,JPM,Finance
2025-09-08,287.41162109375,290.8949700189617,285.9692141135519,289.3544641521949,8188500,JPM,Finance
2025-09-09,292.2588806152344,293.3872872696363,286.8228669749493,287.1074315912692,7848200,JPM,Finance
2025-09-10,294.89837646484375,295.8796048140829,289.8548483762926,291.13046319713106,7787300,JPM,Finance
2025-09-11,299.82415771484375,299.9909797241969,295.1437088676121,295.5852436958139,7942500,JPM,Finance
2025-09-12,301.1488037109375,301.7767742987404,297.9990690164523,299.27465392414524,6846700,JPM,Finance
2025-09-15,303.1014404296875,304.13174819496044,301.40393449781925,301.40393449781925,7122000,JPM,Finance
2025-09-16,303.385986328125,305.06387836899023,301.3646583866889,304.1807788708881,10525600,JPM,Finance
2025-09-17,305.89794921875,307.03617773944126,302.973877849489,304.563492987762,8657800,JPM,Finance
2025-09-18,307.35015869140625,307.5562082549167,303.79808700514394,305.93718750933925,8050700,JPM,Finance
2025-09-19,308.87109375,309.8719360001034,303.3173370674782,307.71325135277357,23568600,JPM,Finance
2025-09-22,306.5749816894531,307.8113389670314,303.74903930910966,303.9845245259009,7520200,JPM,Finance
2025-09-23,306.869384765625,310.37237762039473,304.7499276588244,305.9666713344998,8584400,JPM,Finance
2025-09-24,307.53662109375,310.63727651453155,305.81947137817144,308.15476983779797,7310500,JPM,Finance
2025-09-25,307.5660705566406,309.7247551863121,305.947019653492,308.22347685107957,7083200,JPM,Finance
2025-09-26,310.12701416015625,311.8441636854759,307.8113297451866,308.988785738579,7258100,JPM,Finance
2025-09-29,309.7640075683594,312.0404647281687,307.7721150397051,311.10828573544467,6462400,JPM,Finance
2025-09-30,309.50885009765625,311.45169300349573,304.28870810842403,310.31346452838187,11823300,JPM,Finance
2025-10-01,304.8774719238281,308.68464295873514,301.6394301376976,308.07628613361976,9235200,JPM,Finance
2025-10-02,301.77679443359375,304.73030161726365,300.39328868596704,304.1808160870063,7600000,JPM,Finance
2025-10-03,304.2102355957031,305.80964265751953,302.4243927447969,302.718779227698,6029900,JPM,Finance
2025-10-06,304.85113525390625,307.38515966997034,300.857851711314,305.83713416223014,7214500,JPM,Finance
2025-10-07,303.3819885253906,305.66951307877287,300.43386159315816,305.01875022701944,8454200,JPM,Finance
2025-10-08,299.7732238769531,304.4567183318842,299.2999336047902,303.8946917756213,6489900,JPM,Finance
2025-10-09,301.2522277832031,303.7270945284432,299.1422058887319,300.77893750215213,7060300,JPM,Finance
2025-10-10,296.6772155761719,306.1230715472904,296.5983188157025,301.3804193716138,8597400,JPM,Finance
2025-10-13,303.6580810546875,305.1272097801061,301.17337467050265,301.3212684867699,10788700,JPM,Finance
2025-10-14,297.85052490234375,302.70165257420854,290.0907186231138,301.5578902761218,16178800,JPM,Finance
2025-10-15,301.4100036621094,307.7499693151439,301.1635039391426,302.1002149225357,11354800,JPM,Finance
2025-10-16,294.3600769042969,304.35808863852304,292.9106575300408,301.0747260223031,10549400,JPM,Finance
2025-10-17,293.3938293457031,295.3559575215809,290.08088749555986,294.97143359875633,10153500,JPM,Finance
2025-10-20,298.1265869140625,299.43798218705626,293.9854099500461,294.32064593592156,6894900,JPM,Finance
2025-10-21,292.9303894042969,299.7929328501146,292.8416531202475,297.436411288458,7372700,JPM,Finance
2025-10-22,289.9920959472656,293.8868032880077,286.4721030595595,293.6008552074487,8054100,JPM,Finance
2025-10-23,290.4161376953125,292.22050252499105,288.41456104050746,290.25837425327126,5438800,JPM,Finance
2025-10-24,296.2335205078125,298.3632818043669,291.31339548312707,291.9345495322769,7228300,JPM,Finance
2025-10-27,299.89154052734375,300.2662249001909,296.7955198233114,297.92941246883,5642200,JPM,Finance
2025-10-28,301.0845947265625,303.6580673748709,298.915415308335,300.59159530101573,6336000,JPM,Finance
2025-10-29,301.2325134277344,303.93414060421026,298.7675163425421,299.2605157595805,7520300,JPM,Finance
2025-10-30,305.1075134277344,308.233113206998,300.8282816526182,301.50862332627236,7514600,JPM,Finance
2025-10-31,306.7639465332031,308.4894444595929,302.9481359332913,304.22008283002725,7721300,JPM,Finance
2025-11-03,305.0187683105469,307.9471862719047,301.9227172950412,306.6456604912348,7770000,JPM,Finance
2025-11-04,304.920166015625,307.84858401169095,300.82827651560933,302.415720333495,7085200,JPM,Finance
2025-11-05,307.3161315917969,308.7162632770978,301.35085025066564,305.27510663609064,6865200,JPM,Finance
2025-11-06,309.03179931640625,310.4319009529449,305.9160390722913,306.63579903674446,7206100,JPM,Finance
2025-11-07,309.8106994628906,310.0276204199649,303.3327096940284,307.5232049313688,7302300,JPM,Finance
2025-11-10,312.45318603515625,315.08578608051664,309.8106862822301,310.5896337890794,5794100,JPM,Finance
2025-11-11,311.200927734375,314.58289630207906,310.86569176259013,313.0546102409576,5030200,JPM,Finance
2025-11-12,315.92388916015625,317.7381233989844,311.782682032414,311.83200002815875,10578300,JPM,Finance
2025-11-13,305.1469421386719,316.14082355780937,304.7722577523736,314.7604311532612,8973300,JPM,Finance
2025-11-14,299.35906982421875,303.3326737235763,297.012418045434,303.20448907001065,10327000,JPM,Finance
2025-11-17,296.1644592285156,301.31137424610444,293.5022804823602,299.74363974118836,8344000,JPM,Finance
2025-11-18,295.2179260253906,298.70837045931603,292.8613742767781,295.3066623130797,8077300,JPM,Finance
2025-11-19,299.02386474609375,300.1873662746028,295.0798692888629,295.5432899586994,5546600,JPM,Finance
2025-11-20,294.2023620605469,305.58079800315744,293.98544109490615,302.05090502503106,7501600,JPM,Finance
2025-11-21,293.8473815917969,297.45614117965755,288.7103357437745,297.07161725529045,11766800,JPM,Finance
2025-11-24,293.8276672363281,295.6221924256846,290.386540762355,294.0642973394352,10940200,JPM,Finance
2025-11-25,298.75762939453125,300.2366275598507,291.4217960873232,295.84892096661844,8877200,JPM,Finance
2025-11-26,303.33270263671875,304.21022597199055,298.95486530692773,300.7296512123902,7910900,JPM,Finance
2025-11-28,308.6965026855469,309.3275563846455,303.9242719247256,304.7722465716023,4322400,JPM,Finance
2025-12-01,304.59478759765625,309.6430970545817,304.2201032083801,308.5683618849884,7727300,JPM,Finance
2025-12-02,303.5693359375,306.1329390093465,302.7903884074122,304.4172805196406,7249000,JPM,Finance
2025-12-03,307.75982666015625,307.98658713845214,302.50443592551073,302.89885953876745,8535300,JPM,Finance
2025-12-04,311.6742858886719,314.0308078212495,308.61768301012796,308.87405237571005,9627800,JPM,Finance
2025-12-05,310.6291198730469,314.02095869272745,310.27414460153136,311.2207252653726,6518900,JPM,Finance
2025-12-08,310.79669189453125,312.0390600856641,308.96274846028484,310.64879808375287,7417200,JPM,Finance
2025-12-09,296.30255126953125,314.336450228146,295.8193913272319,310.5403783790639,18049200,JPM,Finance
2025-12-10,305.76806640625,306.8329619363725,294.2811866679717,296.292632599085,18874100,JPM,Finance
2025-12-11,312.9363098144531,313.5476242674454,304.9102649889192,304.9102649889192,9721900,JPM,Finance
2025-12-12,314.06036376953125,315.7858618718594,312.16726270211575,315.2041261224818,8982900,JPM,Finance
2025-12-15,315.5393371582031,318.3593094805321,313.9321843288561,315.1153648797306,10864100,JPM,Finance
2025-12-16,311.1319580078125,315.0463750601788,309.99806522837446,314.62240273148194,8331300,JPM,Finance
2025-12-17,310.5699462890625,314.8984658400699,310.2544194174254,313.9716244610726,8718700,JPM,Finance
2025-12-18,308.6176452636719,313.2518519730792,307.84856735129125,311.57564186364317,11444900,JPM,Finance
2025-12-19,312.7686767578125,314.099781180705,308.8049723403709,309.39657764946713,24494400,JPM,Finance
2025-12-22,318.5663757324219,318.7044300194866,313.064515200958,313.064515200958,8354600,JPM,Finance
2025-12-23,321.3666076660156,323.1907116116738,318.56637445826755,319.07908304324746,6668300,JPM,Finance
2025-12-24,324.5612487792969,325.36974495293686,320.9426198260136,321.6722493328215,4289300,JPM,Finance
2025-12-26,323.31890869140625,326.22758744424,321.96809498869885,324.50208933838474,4158300,JPM,Finance
2025-12-29,319.2171325683594,323.1808371734579,319.0002116144308,322.4216288798564,8635300,JPM,Finance
2025-12-30,318.89178466796875,320.39049219725354,317.97478280166575,320.2623075229155,7904300,JPM,Finance
2025-12-31,317.70855712890625,320.3313177342217,317.5310845539587,319.79886991908165,5048500,JPM,Finance
2026-01-02,320.92291259765625,321.1694123071354,316.2492576445291,317.9846252281575,8054000,JPM,Finance
2026-01-05,329.3630676269531,332.5281155423397,320.63697169770103,320.942628937084,10752600,JPM,Finance
2026-01-06,331.41326904296875,332.6612412306879,327.49110960074296,329.44229029813283,7660800,JPM,Finance
2026-01-07,323.8660888671875,328.9767963949314,321.4989374679619,327.9764659913386,9815200,JPM,Finance
2026-01-08,326.63934326171875,328.2339475379842,322.53888044956136,323.27183137637843,11737100,JPM,Finance
2026-01-09,326.0450744628906,328.7291759216584,325.0348299492433,326.1936353875406,6738100,JPM,Finance
2026-01-12,321.38995361328125,322.9053354478686,318.1611187929736,318.80490292970194,12805100,JPM,Finance
2026-01-13,307.9297790527344,323.7372950994605,307.60294504088824,321.20175473899405,19371200,JPM,Finance
2026-01-14,304.9287414550781,308.78159262538577,303.19546018048277,305.2556057077196,25951500,JPM,Finance
2026-01-15,306.30548095703125,309.95031666446005,304.8098971346673,305.5230197927318,14751400,JPM,Finance
2026-01-16,309.48480224609375,314.17950872864606,307.0383983149945,307.38506061636195,14652500,JPM,Finance
2026-01-20,299.8477478027344,308.1774060521912,298.9761500928895,303.2845981841295,12900600,JPM,Finance
2026-01-21,299.15447998046875,302.4823658305288,298.2729680555718,300.53118494697816,10270100,JPM,Finance
2026-01-22,300.729248046875,305.2555953909441,300.0062112868251,301.9474777854751,10535800,JPM,Finance
2026-01-23,294.8757019042969,299.4812715954647,293.6772702297321,299.11481126550876,11107900,JPM,Finance
2026-01-26,298.16400146484375,298.8969221500132,294.60830241167326,294.96484861763906,11752700,JPM,Finance
2026-01-27,297.44097900390625,299.08512378237486,295.3016109870806,298.45122352878457,11527400,JPM,Finance
2026-01-28,297.89654541015625,299.03558292254246,295.2025300603667,297.4013222225187,9556700,JPM,Finance
2026-01-29,303.49261474609375,303.898671192008,299.3327275624257,299.51100066931883,11580000,JPM,Finance
2026-01-30,302.9676818847656,304.98817089860455,299.66947824936375,302.333781642444,11953200,JPM,Finance
2026-02-02,305.1961975097656,306.34508884518107,298.49085539325506,301.5513314360023,9839400,JPM,Finance
2026-02-03,311.8420715332031,313.22869052113475,306.14700443281885,306.77099053389486,12688000,JPM,Finance
2026-02-04,314.2389221191406,316.25944126204155,311.4062598905275,311.4062598905275,9848800,JPM,Finance
2026-02-05,307.1968688964844,312.9909865673853,302.6210112179966,311.99062599899656,9388000,JPM,Finance
2026-02-06,319.3199462890625,321.15227836348157,311.7034102684662,311.7034102684662,17797400,JPM,Finance
2026-02-09,319.0228271484375,323.2817350541263,317.05181803840316,318.27007812796035,11477500,JPM,Finance
2026-02-10,315.2392883300781,323.01429884581904,312.1094739861534,319.4684837021083,9902200,JPM,Finance
2026-02-11,307.8505859375,322.1724337503843,305.78055639607567,320.15191444315514,8703500,JPM,Finance
2026-02-12,299.74871826171875,310.62380057979817,297.15372325834437,309.29660600764385,13443400,JPM,Finance
2026-02-13,299.6595458984375,301.38294318623025,293.6871553220786,295.6680481198895,9114500,JPM,Finance
2026-02-17,304.19580078125,305.29518175186814,299.61002921690664,299.8675549474044,8896800,JPM,Finance
2026-02-18,305.8300476074219,309.2966101142475,304.2849535938903,305.51309749540866,7209600,JPM,Finance
2026-02-19,305.1070251464844,306.226234501648,302.2050242231491,304.2354576365961,6737700,JPM,Finance
2026-02-20,307.82086181640625,308.0288471084009,302.75966472033866,305.4536802835111,7792700,JPM,Finance
2026-02-23,294.82623291015625,308.028871901531,292.2807780649544,305.84987743753925,12955400,JPM,Finance
2026-02-24,294.459716796875,296.886322684036,288.5962907533433,293.98432184665864,13554100,JPM,Finance
2026-02-25,300.4023742675781,300.75895068108485,294.1724883145502,295.78692074637365,8095500,JPM,Finance
2026-02-26,303.20538330078125,306.05787397622345,300.73918125790124,301.67017313360896,7007800,JPM,Finance
2026-02-27,297.4310607910156,300.0557680991628,291.636973162459,297.13393894248406,18620800,JPM,Finance
2026-03-02,294.7172546386719,297.11414843979566,290.4088063693875,291.9935267958635,8508900,JPM,Finance
2026-03-03,297.3914489746094,299.5011046657454,286.73423592223537,289.4975898716125,10278200,JPM,Finance
2026-03-04,296.52978515625,298.12438947518206,292.99388398032096,297.12402886142485,8055700,JPM,Finance
2026-03-05,290.74554443359375,298.3620800816865,289.63624924146006,295.1332451958745,12732500,JPM,Finance
2026-03-06,286.7144470214844,287.21955415339994,280.99955170429564,283.6044306839189,13496500,JPM,Finance
2026-03-09,287.1502685546875,288.31898819476027,277.77073879547015,282.7724816341387,12241100,JPM,Finance
2026-03-10,285.97161865234375,289.9532025593205,284.43640849634494,286.52626625452876,8344900,JPM,Finance
2026-03-11,284.7731628417969,287.7049062038017,282.1385715612803,286.05084727233185,10205000,JPM,Finance
2026-03-12,280.18743896484375,281.16797137675815,276.43363807803536,280.1279843639117,13760500,JPM,Finance
2026-03-13,280.7321472167969,284.4463214441296,280.2468381234208,281.9504072447318,9091200,JPM,Finance
2026-03-16,283.4261474609375,286.506421278288,281.89093739443587,283.6044205599556,8149000,JPM,Finance
2026-03-17,284.1492004394531,288.97266988082987,283.2181783456238,286.23902796907333,8961200,JPM,Finance
2026-03-18,284.99102783203125,286.6450865635814,282.3960631878955,284.08971801136914,10057000,JPM,Finance
2026-03-19,285.2188720703125,286.7441681021885,281.900870340191,284.13928904174674,9846700,JPM,Finance
2026-03-20,283.82232666015625,287.9326733008621,282.5446423017302,285.3277943529036,22436500,JPM,Finance
2026-03-23,287.14031982421875,292.9245231806114,285.2188513876401,291.4982779446762,11470800,JPM,Finance
2026-03-24,289.6065368652344,292.6571288676103,282.64369950840546,283.4360748065673,11092300,JPM,Finance
2026-03-25,292.59771728515625,294.7965097163498,289.6461758443202,291.3398308899875,12188200,JPM,Finance
2026-03-26,288.87359619140625,292.1717693530369,287.95248830787267,289.78478993876473,8669200,JPM,Finance
2026-03-27,280.13787841796875,287.3384134369941,279.05829538327214,286.3777093696089,9873300,JPM,Finance
2026-03-30,281.0589904785156,284.50575515603197,279.6327451103039,282.01972478590784,11734400,JPM,Finance
2026-03-31,291.3497314453125,292.25104134220237,282.22772810140145,285.71408872506316,12956900,JPM,Finance
2026-04-01,292.5580749511719,295.8661624411999,290.1116710297465,292.567989087923,11267200,JPM,Finance
2026-04-02,291.7855224609375,292.7957669317203,285.9616926535428,289.1212191631598,6669300,JPM,Finance
2026-04-06,294.125,295.4987855589938,291.88509063240025,292.7412191857173,7142600,JPM,Finance
2026-04-07,296.0662536621094,296.8427544058445,291.38734983011653,291.8253790066561,7849100,JPM,Finance
2026-04-08,306.5888366699219,309.8640903908154,303.96066179364243,306.5888366699219,10590200,JPM,Finance
2026-04-09,308.938232421875,309.8640846884941,304.73715687535,305.5734164156603,6586600,JPM,Finance
2026-04-10,308.4803161621094,308.9581744354404,305.344449093958,308.6097380099313,6069700,JPM,Finance
2026-04-13,312.2732238769531,312.33295236293975,304.0900871089203,306.0910825316173,8318200,JPM,Finance
2026-04-14,309.7247009277344,312.91036189245165,307.4847916064935,308.4305432499699,11455500,JPM,Finance
2026-04-15,304.5579833984375,312.8307129741003,302.8954898881459,312.54203541599225,9885800,JPM,Finance
2026-04-16,308.5599670410156,308.5599670410156,303.8312695552229,303.98059076810495,8208600,JPM,Finance
2026-04-17,308.8984375,313.4877482505245,308.69932229637936,311.068653468178,11082400,JPM,Finance
2026-04-20,315.5683898925781,315.70777661938337,308.9780833700189,309.45594165814435,10772000,JPM,Finance
2026-04-21,311.5962829589844,318.8038038717339,311.3474041387296,316.0661368489313,7084300,JPM,Finance
2026-04-22,311.6161804199219,313.73663281642627,310.5410372905177,313.43799038623484,5545900,JPM,Finance
2026-04-23,310.29217529296875,313.57736372602733,307.5047445243564,312.11395497732667,6969700,JPM,Finance
2026-04-24,306.8974609375,309.7545850384977,306.5092257615542,309.7545850384977,5215300,JPM,Finance
2026-04-27,310.232421875,311.1781431330245,305.50372444273444,305.50372444273444,7925300,JPM,Finance
2026-04-28,310.0532531738281,314.03531438457196,309.7745101043047,313.78643555890045,7398600,JPM,Finance
2026-04-29,307.86309814453125,310.65052875636707,305.91189671624613,309.1771855961317,8031800,JPM,Finance
2026-04-30,311.82525634765625,312.6913497643884,305.1951210592971,305.6928786901284,8865400,JPM,Finance
2026-05-01,311.06866455078125,314.6624601726697,310.43152018106696,312.54203812020876,6135400,JPM,Finance
2026-05-04,306.270263671875,309.2568094519629,305.13539207341324,309.22694520939064,7338200,JPM,Finance
2026-05-05,308.0124206542969,309.5753869306937,305.42407485773,306.32999740556414,6316800,JPM,Finance
2026-05-06,313.4877624511719,314.84167905955115,309.95369528217543,310.0532528884956,8629500,JPM,Finance
2026-05-07,304.8964538574219,314.8814709002291,304.76706239082745,313.23887676443206,8359600,JPM,Finance
2026-05-08,300.74517822265625,307.60426284206056,299.1523476664256,306.86759124184925,9464300,JPM,Finance
2026-05-11,298.6545715332031,301.83026757429667,297.5395993270601,300.74515961007836,9512000,JPM,Finance
2026-05-12,303.5126953125,304.6873960201211,294.2245209852311,298.67447538308426,9498200,JPM,Finance
2026-05-13,298.9034729003906,301.6411400127173,298.72428743531935,300.91440289675086,7709500,JPM,Finance
2026-05-14,298.56500244140625,302.38777761395096,297.4699295162906,300.8945046380796,7364300,JPM,Finance
2026-05-15,296.4743957519531,299.44104214981957,295.1205095874812,298.86362628854243,8699300,JPM,Finance
2026-05-18,299.3813171386719,299.908939014877,295.8870488301784,296.6635495230975,7546300,JPM,Finance
2026-05-19,294.3738708496094,300.436555061437,293.935841710235,299.7396822358739,8066900,JPM,Finance
2026-05-20,300.625732421875,301.57145376364997,292.35300240137923,295.3694126574367,9327000,JPM,Finance
2026-05-21,301.6411437988281,302.6167597554335,298.8636475324957,299.8790926087445,7874400,JPM,Finance
2026-05-22,305.0059814453125,306.07119010408854,302.4773640852478,303.31359328873907,5973900,JPM,Finance
2026-05-26,305.3643493652344,308.54004556072954,304.0701916446211,307.1065011172144,7725400,JPM,Finance
2026-05-27,297.93780517578125,304.52811132231307,294.42363753054383,303.63215366632585,11779200,JPM,Finance
2026-05-28,295.3992614746094,299.7197941661088,294.4236455581874,296.23549066837876,9757700,JPM,Finance
2026-05-29,297.9676818847656,298.53513289689414,293.87612858626386,295.070728717322,13969000,JPM,Finance
2026-06-01,295.2499084472656,298.20659004481905,293.94578586060317,296.3549462063085,7930000,JPM,Finance
2026-06-02,299.6102600097656,300.7152977310929,293.9457758280521,295.17027051801705,8296200,JPM,Finance
2026-06-03,299.50079345703125,300.60580089187994,295.23002417973413,298.5749714904202,7003900,JPM,Finance
2026-06-04,309.4957580566406,311.5066879726736,303.0746723882986,304.36883009196185,10345200,JPM,Finance
2026-06-05,310.9691162109375,313.58732636819616,308.211549706599,312.8805189963161,9118800,JPM,Finance
2026-06-08,309.7147521972656,314.88147906470095,309.3862455138746,311.84516953437026,6827000,JPM,Finance
2026-06-09,311.2976379394531,315.0009559692908,307.62418415256917,312.1040028799189,11594600,JPM,Finance
2026-06-10,307.75360107421875,313.3384270822022,307.64407859799763,311.1582462393224,7446200,JPM,Finance
2026-06-11,312.0840759277344,313.30857066124145,307.4947650619962,308.1717081621576,9116600,JPM,Finance
2026-06-12,319.28167724609375,319.85906276888113,314.1348496322589,314.5529794375797,7426200,JPM,Finance
2026-06-15,317.96759033203125,324.4583697274161,317.41010417767774,322.4673390673774,7988900,JPM,Finance
2026-06-16,329.6549377441406,330.26218746993305,322.56684357389287,322.8455866314347,11094900,JPM,Finance
2026-06-17,331.9645080566406,336.25517637046335,330.01330666560995,330.69024974688585,12246400,JPM,Finance
2026-06-18,323.761474609375,336.57375116590936,322.70623086248213,335.4388795655989,20111000,JPM,Finance
2026-06-22,329.993408203125,331.2776010100568,325.28461010223134,328.22139226156105,10182500,JPM,Finance
2026-06-23,332.6414794921875,333.86594380335947,325.7425357353925,327.9924099173137,7582200,JPM,Finance
2026-06-24,331.95458984375,333.02973300317086,328.291070440402,331.57628916780243,7907400,JPM,Finance
2026-06-25,333.6170654296875,341.90972446819404,333.2586945227413,333.4577793441399,10043100,JPM,Finance
2026-06-26,327.57427978515625,334.8913229247855,326.03124330500606,334.49312290223526,17640900,JPM,Finance
2026-06-29,327.91278076171875,330.8993264933345,325.73259994718205,326.80774304304947,7981800,JPM,Finance
2026-06-30,325.86199951171875,328.95806779511634,325.2149206632551,327.41503128103255,8080100,JPM,Finance
2026-07-01,332.5718078613281,334.13477419390347,323.5524415571975,326.89735842569155,15210200,JPM,Finance
2026-07-02,332.9700012207031,338.4751995750331,330.2820977776739,336.5040683580973,8413900,JPM,Finance
2026-07-06,337.7200012207031,339.7200012207031,334.1099853515625,335.0,8673500,JPM,Finance
2026-07-07,339.2200012207031,341.3999938964844,337.0899963378906,340.9800109863281,7115800,JPM,Finance
2026-07-08,330.6199951171875,336.5299987792969,330.1300048828125,336.5299987792969,18505200,JPM,Finance
2026-07-09,335.4700012207031,337.0,330.80999755859375,331.4599914550781,15570600,JPM,Finance
2026-07-10,336.4700012207031,338.5899963378906,335.7699890136719,337.4700012207031,6299000,JPM,Finance
2026-07-13,334.5299987792969,338.3500061035156,332.5,338.3399963378906,7120300,JPM,Finance
2026-07-14,342.8900146484375,344.7300109863281,325.75,327.0,14537900,JPM,Finance
2026-07-15,346.9100036621094,351.239990234375,344.04998779296875,345.8500061035156,10750000,JPM,Finance
2026-07-16,343.1499938964844,349.3399963378906,341.1099853515625,349.2799987792969,12432400,JPM,Finance
2026-07-17,341.1000061035156,346.1300048828125,335.04998779296875,339.0299987792969,9250900,JPM,Finance
2026-07-20,338.8699951171875,344.260009765625,337.3699951171875,341.79998779296875,7723300,JPM,Finance
2026-07-21,345.2300109863281,345.739990234375,337.29998779296875,340.1199951171875,6015300,JPM,Finance
2026-07-22,348.2099914550781,349.07000732421875,344.25,345.07000732421875,8040200,JPM,Finance
2026-07-23,349.8999938964844,349.9200134277344,345.4200134277344,346.5799865722656,10913000,JPM,Finance
2026-07-24,353.2099914550781,353.3699951171875,347.5,350.6400146484375,7520800,JPM,Finance
2026-07-27,356.20001220703125,359.04998779296875,352.5799865722656,357.8900146484375,7884900,JPM,Finance
2026-07-28,357.30999755859375,359.29998779296875,354.1499938964844,357.29998779296875,6533800,JPM,Finance
2026-07-29,344.7099914550781,357.3699951171875,343.7799987792969,356.5,8265300,JPM,Finance
2026-07-30,350.8500061035156,352.2799987792969,345.3699951171875,347.5400085449219,7606500,JPM,Finance
2026-07-31,351.7900085449219,354.4700012207031,349.70001220703125,353.29998779296875,6603400,JPM,Finance
2026-08-03,352.6400146484375,355.6199951171875,350.8399963378906,353.75,6436600,JPM,Finance
2026-08-04,357.5199890136719,363.0,353.8699951171875,355.0,8477200,JPM,Finance
2026-08-05,359.239990234375,362.1700134277344,358.20001220703125,358.9700012207031,5269500,JPM,Finance
2026-08-06,356.29998779296875,362.80999755859375,354.95001220703125,362.80999755859375,5820100,JPM,Finance
2026-08-07,357.5199890136719,358.8500061035156,353.3299865722656,355.760009765625,4566200,JPM,Finance
2026-08-10,359.7900085449219,359.989990234375,356.5,357.9599914550781,5327500,JPM,Finance
2026-08-11,362.0400085449219,363.1199951171875,358.6000061035156,360.04998779296875,4576500,JPM,Finance
2026-08-12,365.17999267578125,366.0899963378906,361.29998779296875,362.9700012207031,4366800,JPM,Finance
2026-08-13,363.1099853515625,366.5,361.5199890136719,366.5,5102700,JPM,Finance
2026-08-14,362.8399963378906,365.8999938964844,361.45001220703125,363.0,5058600,JPM,Finance
2026-08-17,360.9599914550781,365.75,360.9599914550781,361.94000244140625,5282600,JPM,Finance
2026-08-18,363.25,363.57000732421875,359.2699890136719,362.3399963378906,5525100,JPM,Finance
2026-08-19,357.260009765625,363.04998779296875,355.6499938964844,363.010009765625,6696200,JPM,Finance
2026-08-20,351.54998779296875,357.95001220703125,351.54998779296875,357.6000061035156,6799700,JPM,Finance
2026-08-21,351.5799865722656,356.8599853515625,350.3699951171875,354.07000732421875,8112100,JPM,Finance
2026-08-24,356.3900146484375,358.2799987792969,352.82000732421875,353.29998779296875,4394400,JPM,Finance
2026-08-25,356.69000244140625,357.3699951171875,353.07000732421875,357.0,4298000,JPM,Finance
2026-08-26,356.5,358.3500061035156,354.6000061035156,356.5,5796500,JPM,Finance
2026-08-27,354.2200012207031,357.57000732421875,352.2300109863281,354.67999267578125,5209900,JPM,Finance
2025-08-28,736.3958740234375,738.4642820980037,732.2493652964773,736.1704318428535,1411200,GS,Finance
2025-08-29,734.4545288085938,738.0713494312229,728.1965370918332,735.8934013345614,1467000,GS,Finance
2025-09-02,720.2630615234375,725.7228489345496,710.7134260883109,725.7228489345496,2296400,GS,Finance
2025-09-03,719.977294921875,721.4161673949264,711.8369375152871,718.0062664031279,1485600,GS,Finance
2025-09-04,738.0516357421875,738.0614403576991,720.5784274271349,723.1210709994753,1778200,GS,Finance
2025-09-05,727.5164794921875,746.3791760906007,716.6166945427516,741.2939491434615,1822800,GS,Finance
2025-09-08,731.1036987304688,732.769220165311,722.9436722820858,728.7089063983016,1400100,GS,Finance
2025-09-09,752.8539428710938,754.529328934588,727.8415892560945,729.4085832007356,2611300,GS,Finance
2025-09-10,758.4320068359375,763.2511253809848,750.5971572054214,750.823806214717,1996200,GS,Finance
2025-09-11,773.3624877929688,781.6802294971479,760.1763038565873,760.8169121046438,2075700,GS,Finance
2025-09-12,768.7601928710938,775.6292580201963,765.0152509976823,772.15036407409,1099400,GS,Finance
2025-09-15,775.3631591796875,780.9017441542022,770.1202164340411,771.608352495527,1292000,GS,Finance
2025-09-16,774.1510009765625,778.5660853589413,768.39557156295,778.0930577896903,1529500,GS,Finance
2025-09-17,782.715087890625,787.0021109091882,773.8553245303494,777.4327460202405,1945300,GS,Finance
2025-09-18,792.658935546875,795.5859440427938,780.921487717317,784.0455509353465,1501600,GS,Finance
2025-09-19,793.3389282226562,797.9313979121331,785.8194500908996,792.4421367702416,3789800,GS,Finance
2025-09-22,793.890869140625,794.35409212384,785.9870254846772,789.5349129303299,1151000,GS,Finance
2025-09-23,794.6398315429688,813.295608473162,790.3824029027276,795.4085013545462,1758800,GS,Finance
2025-09-24,780.9510498046875,801.0654293290602,780.8623872067685,797.8230489503444,1402500,GS,Finance
2025-09-25,783.247314453125,786.6177563436844,770.682007773663,774.6142000044849,1413100,GS,Finance
2025-09-26,790.885009765625,797.7737443951031,783.611910162147,785.612472708354,1376200,GS,Finance
2025-09-29,792.4716796875,797.1233380252197,786.4304727837132,796.0983647528167,1059000,GS,Finance
2025-09-30,784.814208984375,797.8920016646126,775.0576544965396,793.8316879733414,2463900,GS,Finance
2025-10-01,774.1312866210938,784.7452940468534,771.8842853210717,782.123792530161,1788900,GS,Finance
2025-10-02,768.090087890625,779.5417584684341,761.250616706113,777.4524731061118,1553700,GS,Finance
2025-10-03,778.5364990234375,783.4049416434867,766.5920715695704,771.6576290624948,1470500,GS,Finance
2025-10-06,785.238037109375,790.8751494893233,768.750343557519,783.48379295204,1632600,GS,Finance
2025-10-07,778.2113647460938,793.6543564627208,770.0710072791352,786.4403848124842,1547200,GS,Finance
2025-10-08,765.2615966796875,783.4837435566099,763.1230478320107,780.2808225923848,1939300,GS,Finance
2025-10-09,768.6616821289062,771.5689009171675,760.1763590964712,767.5677156449597,1575000,GS,Finance
2025-10-10,753.2876586914062,780.1921857218351,752.9328879971803,771.7759156700546,2457900,GS,Finance
2025-10-13,775.3828735351562,779.5909781708774,766.6117732939923,766.6117732939923,2766000,GS,Finance
2025-10-14,759.594970703125,775.1759485434106,731.7049295409796,753.3763782100943,4710800,GS,Finance
2025-10-15,756.805908203125,771.1549924697414,751.6122291495192,767.3410573489115,3217400,GS,Finance
2025-10-16,747.1084594726562,770.1201911545714,741.5106860851039,759.4963195882016,3160900,GS,Finance
2025-10-17,739.89453125,747.946165596567,729.2903886035565,747.1676310160249,2884700,GS,Finance
2025-10-20,752.2626953125,755.3177652272203,741.9739248095863,746.0342384418652,1925400,GS,Finance
2025-10-21,747.9855346679688,754.2139915168459,747.2858580953385,748.0052641999342,1782200,GS,Finance
2025-10-22,733.8138427734375,749.5919346001375,732.3454362525788,749.5919346001375,2141400,GS,Finance
2025-10-23,739.9044189453125,744.0632602160189,733.873016384494,738.4852760164757,1615400,GS,Finance
2025-10-24,772.5248413085938,773.2442473940491,745.0487018311014,748.842907270763,2505600,GS,Finance
2025-10-27,778.5463256835938,785.1690121517651,775.6095127198423,777.5706762842809,1645300,GS,Finance
2025-10-28,780.615966796875,786.7950999096033,775.9445789760723,780.5765077323452,1242000,GS,Finance
2025-10-29,771.7167358398438,788.8942408782873,767.538165316683,776.5851783231896,2251500,GS,Finance
2025-10-30,778.7139282226562,795.4480014107345,769.2924142183144,772.2095581085314,1829500,GS,Finance
2025-10-31,777.9353637695312,780.2512981521454,771.6576429296814,773.6089418588799,1328100,GS,Finance
2025-11-03,774.14111328125,784.4692825774129,770.1201986086705,778.1324336561212,1569100,GS,Finance
2025-11-04,779.3742065429688,794.3244400171367,761.8024716293384,765.7445284036169,2046000,GS,Finance
2025-11-05,781.6014404296875,785.8095449299475,764.3450781110065,778.9898038826772,1832700,GS,Finance
2025-11-06,776.1712646484375,786.6374202920581,765.744507917141,782.498248759601,1572500,GS,Finance
2025-11-07,774.9493408203125,775.658882243541,751.7502957108845,771.6576965931728,2098400,GS,Finance
2025-11-10,785.6519165039062,794.6791999283029,777.373573329629,784.5481454341376,1698200,GS,Finance
2025-11-11,798.572021484375,800.2375429144618,784.0849504876173,786.9133714737683,1521500,GS,Finance
2025-11-12,826.8168334960938,827.8319420117616,802.3366940383139,802.3366940383139,2954100,GS,Finance
2025-11-13,793.8317260742188,829.0934547095067,793.358698483915,820.9924963194574,2557400,GS,Finance
2025-11-14,779.4530639648438,789.0125644035685,766.7301012195379,784.0258646088754,2552000,GS,Finance
2025-11-17,764.3253784179688,785.1886968586348,759.3386790511362,778.5562056462006,1850600,GS,Finance
2025-11-18,765.0546264648438,776.289511891786,755.4359986882776,760.8760560719772,1673500,GS,Finance
2025-11-19,774.6043701171875,776.4571418015114,763.773577653083,765.0547342047489,1521100,GS,Finance
2025-11-20,762.4923095703125,804.1795460678946,761.0041735802654,783.7301274638397,2599000,GS,Finance
2025-11-21,762.8175659179688,769.0656921042965,743.0776881158279,765.5769935783821,2284700,GS,Finance
2025-11-24,779.2559814453125,782.4884368535778,764.1283018662043,767.3608174254849,2319500,GS,Finance
2025-11-25,790.69775390625,793.5951680373666,766.720176767673,785.4548111856097,2252900,GS,Finance
2025-11-26,804.1895141601562,807.7078073443738,793.338992354842,794.1668508133124,1862500,GS,Finance
2025-11-28,814.0741577148438,818.5385660756641,807.0868954673417,808.1216733847655,868300,GS,Finance
2025-12-01,799.1140747070312,812.7831526175127,797.8821818877664,806.7321408040563,2133200,GS,Finance
2025-12-02,807.3839111328125,811.8307969397431,800.5402140833611,803.3331490099232,2254200,GS,Finance
2025-12-03,828.538818359375,829.8659203205781,805.1455784957515,805.1455784957515,2347900,GS,Finance
2025-12-04,829.7868041992188,835.8876412727196,826.4887554512065,827.5187496339697,1670800,GS,Finance
2025-12-05,846.3561401367188,847.9804104882268,828.4893476177687,829.2222338753676,2277500,GS,Finance
2025-12-08,858.3696899414062,862.202532710398,848.0794204942646,852.8333279144113,2238100,GS,Finance
2025-12-09,868.164794921875,875.236204540594,856.0125683340502,857.6863466479022,2274800,GS,Finance
2025-12-10,880.7032470703125,888.5868524806153,860.9249889675638,862.9849773523011,2394300,GS,Finance
2025-12-11,902.2840576171875,910.2765316831278,879.4751187098009,881.4360911847975,2683000,GS,Finance
2025-12-12,879.435546875,906.2060256488637,878.4748275057357,904.977939402971,2715200,GS,Finance
2025-12-15,881.0499267578125,895.7870225450473,881.0499267578125,883.4367640630632,1976600,GS,Finance
2025-12-16,870.7100830078125,887.6359831895505,865.9264346378657,881.6836702093026,2161600,GS,Finance
2025-12-17,863.9556274414062,887.3686369177781,860.1029570293998,877.821227096604,2213300,GS,Finance
2025-12-18,867.887451171875,884.2191364323135,866.302835455157,872.0471429897783,2066300,GS,Finance
2025-12-19,884.9024658203125,891.1122924143385,873.4831866325773,874.6914454710769,4808300,GS,Finance
2025-12-22,890.3695068359375,896.7872788206621,886.2494698646949,887.9133344366898,1442300,GS,Finance
2025-12-23,893.0535888671875,897.2231341008091,885.1204753453889,891.7065989512631,1210200,GS,Finance
2025-12-24,902.0364379882812,903.1258536841647,890.0723904289903,892.5087354632198,771800,GS,Finance
2025-12-26,898.332275390625,904.5520155833901,896.6189029610509,902.2542806334699,995300,GS,Finance
2025-12-29,883.614990234375,897.7776969502469,883.0009471220923,897.7480163863435,1578000,GS,Finance
2025-12-30,875.929443359375,886.4277183379118,872.7205574258533,886.150377356392,1833300,GS,Finance
2025-12-31,870.5615234375,877.4943228277873,868.3727178682782,875.6125388135954,1221500,GS,Finance
2026-01-02,905.5623168945312,905.6613327098464,872.2947559758666,875.5135558134159,2817600,GS,Finance
2026-01-05,939.3348999023438,952.4576988054562,903.8389402716671,905.6217084820269,3742000,GS,Finance
2026-01-06,946.2974243164062,949.3677004734567,934.1947657754167,940.295602954254,1966000,GS,Finance
2026-01-07,931.9861450195312,949.0507161684332,925.0335182899208,947.6938731242234,2683300,GS,Finance
2026-01-08,925.8555297851562,936.116057957002,923.0526812200502,926.4992534327896,1960800,GS,Finance
2026-01-09,929.9656982421875,937.056995526318,923.7460181734681,929.757752946327,1334100,GS,Finance
2026-01-12,940.4342041015625,941.4345176630193,920.1904279181764,925.033497891393,2179600,GS,Finance
2026-01-13,929.1437377929688,940.8205314482959,922.0623539668134,938.2256884137788,1969600,GS,Finance
2026-01-14,923.71630859375,929.1437414496185,909.0881423719485,923.3498654465398,2513000,GS,Finance
2026-01-15,966.4916381835938,971.8398218580155,915.7930645553358,916.0208976392803,3773700,GS,Finance
2026-01-16,952.7647094726562,975.2467994263548,947.8127099431726,963.6591084375203,3071600,GS,Finance
2026-01-20,934.3135986328125,953.3589703813221,930.0845714906263,937.2947121626017,2629100,GS,Finance
2026-01-21,943.861083984375,959.6183208911024,934.3928627001501,934.9375705931735,2251300,GS,Finance
2026-01-22,945.4853515625,961.6288589157404,941.6821890960446,950.8433887800031,2468300,GS,Finance
2026-01-23,910.0586547851562,928.1928743336798,908.2462060626167,925.1127451868872,3872600,GS,Finance
2026-01-26,922.9140625,924.7760192007825,909.1673066619076,909.5931713770888,2655900,GS,Finance
2026-01-27,920.7946166992188,924.4393417271565,911.5542286469977,915.1295579749972,2012500,GS,Finance
2026-01-28,927.8165283203125,928.1730577766625,913.9014218088668,923.5578208382304,1674100,GS,Finance
2026-01-29,931.0947875976562,946.2083003675783,916.2487021555244,928.3018525104284,2335400,GS,Finance
2026-01-30,926.4299926757812,937.9087547192612,914.3075069329105,924.9840474330892,1893700,GS,Finance
2026-02-02,937.2451782226562,940.3253074824875,903.3239807815754,923.1814871937376,1802000,GS,Finance
2026-02-03,929.9755859375,955.2406968820128,910.2369233221898,940.384698485714,2321900,GS,Finance
2026-02-04,904.5322265625,935.0959533059877,885.2194282993655,928.1235596947575,3561900,GS,Finance
2026-02-05,881.8619995117188,902.086010166199,868.3034216763162,893.0139127044338,3214300,GS,Finance
2026-02-06,919.8339233398438,922.8249504343177,898.5204977723823,899.1543682273673,2473200,GS,Finance
2026-02-09,934.5612182617188,939.8895749556767,918.2097050255467,920.0815754834812,2322600,GS,Finance
2026-02-10,939.879638671875,952.5964006247325,921.0026180469961,936.6212445988094,3324900,GS,Finance
2026-02-11,935.5219116210938,958.8359045889962,922.3396907573614,941.5138192047511,2654300,GS,Finance
2026-02-12,895.8662109375,959.0933666911596,895.3016757447016,946.9906485676195,3188700,GS,Finance
2026-02-13,896.4506225585938,897.2924383338793,860.6575539652756,885.8235900215421,2623000,GS,Finance
2026-02-17,907.2459106445312,912.7030238135872,896.9853820977502,899.0156898208336,2008500,GS,Finance
2026-02-18,924.76611328125,938.6020318265028,911.1481141555994,912.7327903233859,1864900,GS,Finance
2026-02-19,907.85009765625,920.7351496508852,897.7876007637025,916.1199126884006,1974200,GS,Finance
2026-02-20,913.3864135742188,913.5151703999004,891.9244642095072,903.7894359206774,2009100,GS,Finance
2026-02-23,883.7437133789062,923.0526869839936,875.2658928348758,909.682288621028,2535900,GS,Finance
2026-02-24,893.608154296875,903.0169535277645,873.1861128021866,876.939706733635,1971500,GS,Finance
2026-02-25,912.53466796875,913.6538246956984,898.8077398133594,905.9385707595484,1763600,GS,Finance
2026-02-26,920.08154296875,929.3814129001101,912.6931376650015,918.8534567167479,2220300,GS,Finance
2026-02-27,851.3180541992188,907.4539136005715,845.950103636087,903.2447140013328,5552300,GS,Finance
2026-03-02,857.9190063476562,869.7966520679189,832.3317618038074,836.3142104248782,2873200,GS,Finance
2026-03-03,858.795166015625,864.5299018603185,821.0216377054891,832.3317774173322,3782100,GS,Finance
2026-03-04,863.4446411132812,874.9439493459278,856.2264529921267,866.0233033314352,2081700,GS,Finance
2026-03-05,831.7941284179688,862.7178386116808,818.5923019083422,858.2276182019754,3093700,GS,Finance
2026-03-06,817.8157348632812,823.5305390186446,797.8139203195095,812.4195338956446,2473000,GS,Finance
2026-03-09,828.3792114257812,833.0087714913384,791.5116641162913,806.4458464581081,3258200,GS,Finance
2026-03-10,830.1513671875,842.3775135994551,822.7240786469663,831.0175448995619,1871900,GS,Finance
2026-03-11,820.1454467773438,829.1457584338937,806.9834229987335,826.3082882089209,2227000,GS,Finance
2026-03-12,784.0645141601562,803.6681201830515,780.6594767923647,801.786398600958,3533000,GS,Finance
2026-03-13,778.7777709960938,794.49846434799,777.075252410534,785.8963611272785,2567400,GS,Finance
2026-03-16,791.2826538085938,801.9257496642291,786.5335646121588,788.5247888263667,2082700,GS,Finance
2026-03-17,803.498779296875,816.8400059428774,799.9444367547594,802.7620360546564,1955600,GS,Finance
2026-03-18,801.9456787109375,812.6087070271379,797.4853555933689,797.4853555933689,1541300,GS,Finance
2026-03-19,805.9480590820312,812.5987411471679,787.1210595105324,789.450757980204,1765900,GS,Finance
2026-03-20,809.9603881835938,823.600226136298,801.3980871631452,803.4590116225854,3918400,GS,Finance
2026-03-23,827.6224975585938,845.8023843975209,825.3624386248922,829.3448870621654,2190300,GS,Finance
2026-03-24,832.052978515625,840.7944825887811,814.4107599261373,821.3103450133813,1656100,GS,Finance
2026-03-25,838.1461791992188,850.9995056264154,830.2410161078947,841.3022527755711,1628900,GS,Finance
2026-03-26,819.0303955078125,841.0931340639529,812.5290189853214,830.1314345449495,2052200,GS,Finance
2026-03-27,799.3670654296875,813.5146753977273,794.2795018526815,810.0997329651887,2106800,GS,Finance
2026-03-30,804.0563354492188,815.037966460176,798.3614632086708,807.5609096079204,1621400,GS,Finance
2026-03-31,842.2778930664062,844.7768892263738,806.445822361064,820.2848552245671,2689800,GS,Finance
2026-04-01,856.435546875,866.381702501079,846.4196911065476,856.1766779939967,1803600,GS,Finance
2026-04-02,859.2531127929688,863.4944303968281,827.3537204650028,834.7113090494499,1717700,GS,Finance
2026-04-06,862.2498779296875,869.3784948506818,855.9974653167983,859.2132730694112,1444500,GS,Finance
2026-04-07,860.3582763671875,864.1614613607902,846.2703399308134,854.2352372478092,1498400,GS,Finance
2026-04-08,901.7756958007812,914.0914131111363,889.6789839929008,899.0477282599688,2439000,GS,Finance
2026-04-09,899.7545776367188,905.4097080900849,891.3615745546059,898.0421539173074,1797800,GS,Finance
2026-04-10,903.8167114257812,904.9716555671396,891.0728878645393,899.4061568259743,1642700,GS,Finance
2026-04-13,886.88134765625,893.0043868405718,861.5430664116833,871.7082278292152,4236200,GS,Finance
2026-04-14,905.638671875,910.1786607831826,886.1943376960936,890.4953894144785,2822600,GS,Finance
2026-04-15,895.5431518554688,923.7189631938282,893.1636242626328,910.9851058311854,2403900,GS,Finance
2026-04-16,896.0509033203125,903.975997630366,891.9190887369546,894.0497132467892,1742100,GS,Finance
2026-04-17,921.8870849609375,925.1128586129627,908.217288782352,911.4829258115856,2805100,GS,Finance
2026-04-20,937.6077880859375,937.6675223849871,918.9400600411338,919.6270348638764,2374300,GS,Finance
2026-04-21,922.4844360351562,947.8327435418381,918.4920215449791,940.3556864865968,1765400,GS,Finance
2026-04-22,930.7380981445312,936.8511106221245,927.0642868444145,934.8798179913987,1382600,GS,Finance
2026-04-23,927.2135620117188,940.2461514958565,916.6501319251059,930.8973390362396,1655000,GS,Finance
2026-04-24,922.8428344726562,928.8264732380284,915.1865745814679,926.4071429970794,1263300,GS,Finance
2026-04-27,933.6950073242188,937.5977898511031,921.9368305232924,921.9766331321692,1223000,GS,Finance
2026-04-28,922.4844360351562,941.1521640622856,920.1845743729076,937.109981117505,1501600,GS,Finance
2026-04-29,901.6263427734375,925.9193036492366,895.2145980680115,923.4302732630828,1725900,GS,Finance
2026-04-30,919.7166748046875,923.9280948431746,901.0290149063287,906.4152500147118,1880300,GS,Finance
2026-05-01,919.6569213867188,931.6739673349706,908.1376815137018,912.3789989974781,1359800,GS,Finance
2026-05-04,899.3065795898438,920.9412115242092,895.0552963894747,918.2232098806113,1660100,GS,Finance
2026-05-05,914.8580322265625,917.7054682953158,904.234807192047,905.7381912105915,1507200,GS,Finance
2026-05-06,933.2369995117188,939.9175787356154,927.2434558509663,931.8232473114226,2318200,GS,Finance
2026-05-07,921.8074340820312,941.1422053898132,917.9344881603267,933.8145144098863,1715300,GS,Finance
2026-05-08,932.370849609375,935.6564183281972,923.3904693109786,931.892975221478,1665000,GS,Finance
2026-05-11,940.7140502929688,945.6125056611387,922.5640608454437,928.5576652353872,2411400,GS,Finance
2026-05-12,941.7495727539062,944.3381400802936,916.7596709102469,938.0259322060158,2236500,GS,Finance
2026-05-13,951.2277221679688,955.3396051173437,928.9857812616895,937.7073532243602,2355200,GS,Finance
2026-05-14,964.7083740234375,971.3789268372649,956.2854733295283,962.6574154181511,1898000,GS,Finance
2026-05-15,944.3082275390625,955.2898587311545,937.4783427684613,949.4655519556767,1862700,GS,Finance
2026-05-18,942.20751953125,957.4702711270156,934.431790906699,943.5814691885706,1508000,GS,Finance
2026-05-19,924.664794921875,935.5169913874638,919.7564344394463,929.1251177947441,1767300,GS,Finance
2026-05-20,977.8106079101562,978.417916742471,936.373234748948,940.8534894606655,3104400,GS,Finance
2026-05-21,983.8340454101562,995.1143481322039,966.0424610758233,977.9002358621685,2452300,GS,Finance
2026-05-22,992.3564453125,1000.9485827382347,986.5520704264984,990.2656841750414,1923500,GS,Finance
2026-05-26,990.1561889648438,1012.0795266126196,982.6990638791686,1002.113500296361,2080600,GS,Finance
2026-05-27,992.0975952148438,999.2461438209881,970.1443597867003,991.5400548498139,2195000,GS,Finance
2026-05-28,1003.9454345703125,1005.5383897283438,978.1391842526722,982.0917353818012,2273000,GS,Finance
2026-05-29,1021.06005859375,1022.7126872637696,999.5946022252514,1004.8414977203302,2158000,GS,Finance
2026-06-01,1048.5799560546875,1051.199951171875,1011.5999755859375,1015.3300170898438,2666700,GS,Finance
2026-06-02,1064.5799560546875,1073.969970703125,1047.8900146484375,1049.739990234375,2125600,GS,Finance
2026-06-03,1041.02001953125,1055.969970703125,1031.010009765625,1055.280029296875,2562200,GS,Finance
2026-06-04,1092.6099853515625,1095.9000244140625,1050.0,1052.8699951171875,2608800,GS,Finance
2026-06-05,1038.6800537109375,1098.3599853515625,1035.5999755859375,1092.8199462890625,2643800,GS,Finance
2026-06-08,1045.0,1063.1800537109375,1042.3299560546875,1052.780029296875,2326700,GS,Finance
2026-06-09,1032.010009765625,1064.3499755859375,1006.2999877929688,1061.7900390625,2868500,GS,Finance
2026-06-10,1001.2899780273438,1036.31005859375,1000.0399780273438,1028.3499755859375,2287200,GS,Finance
2026-06-11,1035.6400146484375,1036.9200439453125,1000.4500122070312,1013.5,2561900,GS,Finance
2026-06-12,1062.75,1073.739990234375,1048.06005859375,1053.0,2206000,GS,Finance
2026-06-15,1076.1700439453125,1094.1800537109375,1075.0,1089.52001953125,2364000,GS,Finance
2026-06-16,1090.6700439453125,1097.25,1085.530029296875,1086.0,1965500,GS,Finance
2026-06-17,1099.1400146484375,1121.949951171875,1094.2900390625,1098.4599609375,2180000,GS,Finance
2026-06-18,1096.56005859375,1125.0,1093.3299560546875,1120.0,4499200,GS,Finance
2026-06-22,1106.3699951171875,1115.97998046875,1091.6300048828125,1109.699951171875,1894400,GS,Finance
2026-06-23,1094.43994140625,1103.550048828125,1069.0,1077.3399658203125,2066900,GS,Finance
2026-06-24,1076.9100341796875,1090.0999755859375,1068.510009765625,1090.0,1933100,GS,Finance
2026-06-25,1065.0899658203125,1105.25,1062.0999755859375,1095.6199951171875,1950000,GS,Finance
2026-06-26,1019.6099853515625,1057.0,1013.3800048828125,1054.739990234375,4008500,GS,Finance
2026-06-29,1020.2100219726562,1035.9300537109375,1016.1699829101562,1029.18994140625,1887200,GS,Finance
2026-06-30,1011.3699951171875,1026.3199462890625,1006.1099853515625,1019.2899780273438,3162800,GS,Finance
2026-07-01,1019.6099853515625,1033.530029296875,1003.0,1010.0,1735000,GS,Finance
2026-07-02,1021.0,1039.280029296875,1009.72998046875,1038.989990234375,1543500,GS,Finance
2026-07-06,1055.2900390625,1055.2900390625,1029.0,1029.8800048828125,1754400,GS,Finance
2026-07-07,1042.97998046875,1053.8599853515625,1035.1300048828125,1052.0,1353500,GS,Finance
2026-07-08,1029.6400146484375,1040.1800537109375,1011.9199829101562,1030.0,1699000,GS,Finance
2026-07-09,1055.969970703125,1064.010009765625,1042.6099853515625,1055.0,1241800,GS,Finance
2026-07-10,1055.1800537109375,1067.1700439453125,1048.0,1063.2099609375,1110600,GS,Finance
2026-07-13,1045.9100341796875,1057.8199462890625,1036.8399658203125,1056.3399658203125,1799500,GS,Finance
2026-07-14,1140.0,1143.8399658203125,1082.0,1085.0,3792600,GS,Finance
2026-07-15,1152.0699462890625,1153.989990234375,1117.4000244140625,1148.4200439453125,2736800,GS,Finance
2026-07-16,1095.4599609375,1152.449951171875,1089.010009765625,1147.6500244140625,2529400,GS,Finance
2026-07-17,1065.219970703125,1085.9300537109375,1047.1500244140625,1071.6400146484375,2162700,GS,Finance
2026-07-20,1055.030029296875,1087.9000244140625,1053.6600341796875,1074.6500244140625,1718300,GS,Finance
2026-07-21,1085.56005859375,1088.47998046875,1063.0,1070.0699462890625,1718600,GS,Finance
2026-07-22,1098.199951171875,1106.6600341796875,1078.0,1078.52001953125,1538700,GS,Finance
2026-07-23,1074.719970703125,1084.72998046875,1062.47998046875,1072.52001953125,1852700,GS,Finance
2026-07-24,1061.22998046875,1077.3800048828125,1051.8199462890625,1075.0,1381400,GS,Finance
2026-07-27,1048.22998046875,1088.5,1029.0,1080.1800537109375,2538900,GS,Finance
2026-07-28,1033.3399658203125,1047.7099609375,1011.8699951171875,1041.9300537109375,2173100,GS,Finance
2026-07-29,980.75,1028.1199951171875,977.7000122070312,1025.0,3198400,GS,Finance
2026-07-30,1024.8599853515625,1029.7900390625,998.510009765625,1007.3599853515625,2330800,GS,Finance
2026-07-31,1018.3800048828125,1042.97998046875,1008.5999755859375,1034.719970703125,1553700,GS,Finance
2026-08-03,1027.06005859375,1027.9599609375,1005.1599731445312,1025.0,1706500,GS,Finance
2026-08-04,1052.97998046875,1066.1600341796875,1043.27001953125,1050.0,2653600,GS,Finance
2026-08-05,1060.3800048828125,1077.2099609375,1060.02001953125,1063.7099609375,1648000,GS,Finance
2026-08-06,1032.5799560546875,1068.0400390625,1030.780029296875,1062.0400390625,1726500,GS,Finance
2026-08-07,1039.6099853515625,1047.0,1032.030029296875,1038.3399658203125,1429400,GS,Finance
2026-08-10,1034.510009765625,1045.4300537109375,1030.0699462890625,1039.6099853515625,1819100,GS,Finance
2026-08-11,1034.4100341796875,1043.4300537109375,1027.18994140625,1036.3900146484375,1829300,GS,Finance
2026-08-12,1037.2099609375,1056.050048828125,1031.739990234375,1055.0,1737800,GS,Finance
2026-08-13,1042.6300048828125,1059.0699462890625,1038.469970703125,1040.6099853515625,1421700,GS,Finance
2026-08-14,1039.4200439453125,1043.739990234375,1029.5799560546875,1040.9100341796875,1592900,GS,Finance
2026-08-17,1051.31005859375,1054.6300048828125,1038.1400146484375,1040.7900390625,1450400,GS,Finance
2026-08-18,1040.469970703125,1043.5,1026.0799560546875,1040.0,1909200,GS,Finance
2026-08-19,1021.6500244140625,1044.8199462890625,1014.5,1044.8199462890625,2744200,GS,Finance
2026-08-20,1001.9500122070312,1026.4200439453125,1001.6799926757812,1016.989990234375,1756200,GS,Finance
2026-08-21,1039.280029296875,1043.6600341796875,1008.8499755859375,1015.989990234375,2744000,GS,Finance
2026-08-24,1036.280029296875,1047.3699951171875,1030.1800537109375,1039.0,1987500,GS,Finance
2026-08-25,1058.8800048828125,1063.52001953125,1039.2900390625,1050.0,2497300,GS,Finance
2026-08-26,1040.4599609375,1062.56005859375,1036.780029296875,1061.0,1487900,GS,Finance
2026-08-27,1040.8699951171875,1052.550048828125,1035.0,1041.6800537109375,1712500,GS,Finance
2025-08-28,110.15734100341797,110.44889405961052,108.91339513740054,109.69086501091255,14189800,XOM,Energy
2025-08-29,111.07086181640625,111.5567786110806,110.38086085770887,110.51691696705754,14597900,XOM,Energy
2025-09-02,111.45960235595703,111.99410640835276,110.13790801462953,110.96396512433365,15206700,XOM,Energy
2025-09-03,108.75790405273438,111.20692151454529,108.32057447471314,110.75987893875846,14920100,XOM,Energy
2025-09-04,109.23410034179688,109.94353473208668,108.2428258975398,108.95226770233171,12864400,XOM,Energy
2025-09-05,106.15340423583984,108.63157586039915,105.94931262269087,108.45664548805941,16826700,XOM,Energy
2025-09-08,106.75592041015625,106.95029158055625,105.29816999741539,106.63930512241828,15440500,XOM,Energy
2025-09-09,107.53339385986328,109.34100502528872,107.41677115372212,107.41677115372212,14899500,XOM,Energy
2025-09-10,109.33128356933594,109.38959121459888,107.71803618170735,108.02903006178224,15837600,XOM,Energy
2025-09-11,108.9814224243164,109.59367494058706,107.74719697943684,108.2622676158315,11534500,XOM,Energy
2025-09-12,109.00086975097656,110.03101108521462,108.72875009078862,109.68115036518988,11105700,XOM,Energy
2025-09-15,109.18550872802734,109.29241102232862,108.18452125820836,109.02029878756257,12880500,XOM,Energy
2025-09-16,111.44988250732422,112.07185544585985,109.60339710220181,109.77832745457134,17208000,XOM,Energy
2025-09-17,112.0427017211914,112.23706548421598,110.83763007853405,111.30410607559392,13302000,XOM,Energy
2025-09-18,110.72100830078125,112.10101030753755,110.20593765139351,111.92607995354716,14628700,XOM,Energy
2025-09-19,109.64227294921875,110.76960355094826,109.46734259427805,110.69185507886297,38746500,XOM,Energy
2025-09-22,108.86479949951172,109.62283595581596,108.41775692138489,109.28268825518494,15611500,XOM,Energy
2025-09-23,110.74044036865234,111.51791024684958,109.31185114530597,109.54508914296424,25369100,XOM,Energy
2025-09-24,111.333251953125,112.49945669155126,111.24579049035646,111.3429723649332,14756100,XOM,Energy
2025-09-25,112.3342514038086,112.63552488617954,111.18749478043796,111.41101237450077,15012600,XOM,Energy
2025-09-26,113.91834259033203,115.02623236742072,112.6549558689841,112.69383010504892,18568900,XOM,Energy
2025-09-29,111.00284576416016,113.21862540114104,110.46833426642237,112.7910162029508,19189300,XOM,Energy
2025-09-30,109.5742416381836,110.29339644737581,108.78705877156106,110.15734033251518,18076200,XOM,Energy
2025-10-01,108.83564758300781,109.83663504878889,108.15536699883687,109.38959246283336,16614000,XOM,Energy
2025-10-02,108.15536499023438,109.90466106611652,107.90268617173395,108.8162121516571,13062600,XOM,Energy
2025-10-03,110.06989288330078,110.54608934596097,108.74819838675145,108.74819838675145,12950100,XOM,Energy
2025-10-06,110.98340606689453,111.53735098177359,109.99213895087513,110.09904125150992,12036800,XOM,Energy
2025-10-07,111.04171752929688,111.28467594749493,108.59269252173914,110.85706675882555,11945000,XOM,Energy
2025-10-08,110.8084716796875,111.77059235046264,110.2156599629254,111.1583323936962,12301000,XOM,Energy
2025-10-09,109.72974395751953,112.2565100331723,109.56452659751527,111.20692788321571,10976200,XOM,Energy
2025-10-10,107.61113739013672,109.44790229414498,107.59169656608793,109.09804160628607,13811600,XOM,Energy
2025-10-13,109.07860565185547,109.13692071210326,108.18452048274652,108.39832506981655,10296500,XOM,Energy
2025-10-14,109.12720489501953,109.77833168160478,107.59170590004028,107.64030054987607,11167200,XOM,Energy
2025-10-15,108.46635437011719,110.37114743614104,107.84438142670133,109.62283878732902,12182900,XOM,Energy
2025-10-16,107.52368927001953,109.03003460104077,107.28073082401632,108.7287610861345,11782200,XOM,Energy
2025-10-17,109.07860565185547,109.72973982552386,108.04846436633875,108.48578653843487,13460100,XOM,Energy
2025-10-20,109.52564239501953,109.96297195829358,108.82592843988441,108.84536184926239,9523600,XOM,Energy
2025-10-21,109.53536987304688,110.16706322885845,108.83564845827111,109.71030022674081,9202300,XOM,Energy
2025-10-22,111.47904205322266,111.93580507533065,109.89495580258458,110.25452952377394,12938800,XOM,Energy
2025-10-23,112.71327209472656,113.5587626407378,112.11073255125102,113.34495804742382,15001100,XOM,Energy
2025-10-24,112.13988494873047,113.18946707646688,111.93580077075434,113.07284436855093,9919400,XOM,Energy
2025-10-27,112.67440032958984,112.72298756536166,111.85805617489514,112.44115490567556,10975400,XOM,Energy
2025-10-28,111.79002380371094,112.90763398641612,111.7511495678905,112.23706639389255,9535200,XOM,Energy
2025-10-29,113.1700210571289,113.75312715544378,111.57621452793951,111.68311681833045,12570600,XOM,Energy
2025-10-30,111.45960235595703,113.23805227913105,111.30410541485863,113.15059081063988,16172900,XOM,Energy
2025-10-31,111.1388931274414,111.98439104416849,109.44790470848932,110.76959902188928,20213400,XOM,Energy
2025-11-03,110.55580139160156,111.75115266456905,110.43917868090855,111.27495623795205,12290300,XOM,Energy
2025-11-04,110.92509460449219,111.12917878564296,109.34100839013,110.18649893854,16860700,XOM,Energy
2025-11-05,110.4780502319336,111.9358007148948,110.46832981931985,110.87649817506842,12400900,XOM,Energy
2025-11-06,111.27496337890625,111.70257259771944,110.43918576822759,110.43918576822759,14219700,XOM,Energy
2025-11-07,113.91834259033203,114.2001752409251,111.66368880008984,111.96495486146412,17181100,XOM,Energy
2025-11-10,114.89018249511719,115.11370009651469,112.20791937682769,114.13215338689474,13048000,XOM,Energy
2025-11-11,116.40623474121094,117.40722222583193,115.4829957289592,115.4829957289592,16077100,XOM,Energy
2025-11-12,114.79299926757812,115.92032250358848,114.472292367225,115.74539214107791,13790900,XOM,Energy
2025-11-13,115.44412231445312,116.38680215875796,114.9484850676996,115.28862536860791,17291900,XOM,Energy
2025-11-14,116.94403076171875,117.13029659441288,114.36575532080614,116.12054640396673,17064300,XOM,Energy
2025-11-17,115.36569213867188,117.14989951410585,114.80690212217205,116.63032375061441,16034900,XOM,Energy
2025-11-18,116.68914794921875,117.13030271084352,114.18930088409608,114.95396016235371,15808500,XOM,Energy
2025-11-19,115.04218292236328,115.85586186327224,113.65011056424346,114.55201596702355,15919200,XOM,Energy
2025-11-20,114.71866607666016,116.66953586139736,114.44417378999563,115.65979317287263,14401000,XOM,Energy
2025-11-21,114.7774887084961,115.07158437525726,113.37561100680882,114.68925477292015,15667600,XOM,Energy
2025-11-24,113.68932342529297,114.89512993221705,112.48350943901481,114.89512993221705,18034900,XOM,Energy
2025-11-25,112.25802612304688,113.62068951387047,111.94431960456993,112.914847977459,14434600,XOM,Energy
2025-11-26,112.5129165649414,113.46384162902656,112.06196387586725,112.160003247741,11650600,XOM,Energy
2025-11-28,113.64030456542969,116.4048458806149,112.5619387649192,112.68937948010587,7240800,XOM,Energy
2025-12-01,114.33634185791016,115.10100859456215,113.81676607945676,113.81676607945676,12658100,XOM,Energy
2025-12-02,113.11092376708984,114.3069323331814,112.43449845560603,114.15008279695115,14607700,XOM,Energy
2025-12-03,115.48332977294922,115.6597901639792,113.60108310884485,113.66970617872575,16819100,XOM,Energy
2025-12-04,114.83631134033203,116.01270901724688,114.36575526130771,115.1892321392773,13686900,XOM,Energy
2025-12-05,114.24810791015625,116.44405364250576,114.12066720207453,114.4539771213746,12516900,XOM,Energy
2025-12-08,113.69912719726562,114.69906446838193,112.77761095258792,113.55207561874306,14904200,XOM,Energy
2025-12-09,115.92448425292969,118.10082671847627,114.59122954393455,114.60103497720259,23790800,XOM,Energy
2025-12-10,117.1891098022461,117.51262176910427,116.04212098813484,116.3950417739158,19845200,XOM,Energy
2025-12-11,117.1891098022461,117.99298326333523,116.72835169417907,116.76756594586071,14781800,XOM,Energy
2025-12-12,116.48326873779297,117.56163448599445,115.98329637586768,117.09107842247377,14459500,XOM,Energy
2025-12-15,115.44412231445312,116.68914307822224,114.55201487415584,116.66953969111152,16358700,XOM,Energy
2025-12-16,112.42469024658203,114.54220754921194,112.35606717379666,114.47358447642657,17638700,XOM,Energy
2025-12-17,115.10101318359375,115.30688241650844,112.90505974046134,112.9442739961624,18502200,XOM,Energy
2025-12-18,114.24810791015625,114.68925515143077,113.356000515523,114.68925515143077,13705600,XOM,Energy
2025-12-19,114.3951644897461,115.25785562394006,113.67951745617594,114.45398212999562,45412800,XOM,Energy
2025-12-22,115.82644653320312,116.13034763504118,115.03237102421896,115.03237102421896,11768600,XOM,Energy
2025-12-23,117.07146453857422,117.66946877503595,115.99309881817479,116.14015038899143,12567600,XOM,Energy
2025-12-24,116.87541198730469,117.68909094185487,116.77738009046408,116.98324931763564,6137400,XOM,Energy
2025-12-26,116.76757049560547,117.19891980155684,116.19897504309758,116.55189584262978,8066100,XOM,Energy
2025-12-29,118.1596450805664,118.9145063803753,117.05187045384986,117.787120887003,14782500,XOM,Energy
2025-12-30,118.610595703125,119.40467124297325,118.2576749030489,118.71843302977904,11150500,XOM,Energy
2025-12-31,117.97338104248047,118.87529393853949,117.51263038000505,118.79686542942925,10559900,XOM,Energy
2026-01-02,120.23795318603516,120.26736200605848,117.25773726088853,117.72829333996988,14175100,XOM,Energy
2026-01-05,122.8946533203125,123.45344332148551,119.98306055864913,122.74760174540302,30112200,XOM,Energy
2026-01-06,118.66942596435547,123.32601216113297,118.62040627580554,122.88485740224668,23328600,XOM,Energy
2026-01-07,116.15975952148438,117.75770853507144,115.94408487086373,117.44400199217434,20353000,XOM,Energy
2026-01-08,120.49284362792969,121.19867775555002,116.32642453948432,116.64013108932252,20232700,XOM,Energy
2026-01-09,122.15940856933594,122.40449204572425,120.67910227773142,120.80655047223998,16137700,XOM,Energy
2026-01-12,121.59081268310547,122.051570813798,120.14972065029409,122.01235656019075,15314900,XOM,Energy
2026-01-13,124.05144500732422,124.63964381543548,122.35546417326054,122.54172999624801,21619700,XOM,Energy
2026-01-14,127.63945770263672,129.1295692663085,124.62983323735816,124.84550786994382,27593900,XOM,Energy
2026-01-15,126.59052276611328,127.63947227278497,125.77684382460471,126.59052276611328,17400000,XOM,Energy
2026-01-16,127.33556365966797,127.60025798860698,126.33561894044863,126.37484067147311,16592400,XOM,Energy
2026-01-20,127.89437103271484,129.34526106003074,127.51204139853334,128.92370969178984,16477300,XOM,Energy
2026-01-21,130.982421875,131.10005716420434,129.31585712353169,129.31585712353169,18879900,XOM,Energy
2026-01-22,131.01182556152344,131.54119930090036,129.2570344119412,130.4334321339966,16600100,XOM,Energy
2026-01-23,132.315673828125,133.30580572799937,131.83530480966832,132.43330911480464,17758200,XOM,Energy
2026-01-26,132.18821716308594,134.24692430039343,131.53139525667265,134.2371113879926,16056100,XOM,Energy
2026-01-27,134.13906860351562,134.23709300314297,132.06076584346266,132.59013948582688,14517000,XOM,Energy
2026-01-28,134.87432861328125,135.2958649752726,133.98222124790016,134.9821659317197,15637300,XOM,Energy
2026-01-29,137.7467041015625,139.54071684501432,136.3742426928216,137.56045323507496,35760600,XOM,Energy
2026-01-30,138.61920166015625,139.413284651152,135.1194175625329,136.0115249641907,29657700,XOM,Energy
2026-02-02,135.67819213867188,137.56044620113823,135.34488223626485,137.0800772532881,27735600,XOM,Energy
2026-02-03,140.90338134765625,142.15820749031957,135.58997362759902,135.91348559607266,37577800,XOM,Energy
2026-02-04,144.68746948242188,144.9325529451777,141.28570982267485,141.28570982267485,29426200,XOM,Energy
2026-02-05,143.20718383789062,143.8443949157971,140.97202365001937,143.6973508081906,18431700,XOM,Energy
2026-02-06,146.1187744140625,146.62855224315575,143.2169794161954,143.73655519939692,17216000,XOM,Energy
2026-02-09,148.2362823486328,148.56959225474523,145.70701931770182,146.32461944756733,21297300,XOM,Energy
2026-02-10,148.6088104248047,148.79507625683397,146.87363021409703,148.3735398653639,15800300,XOM,Energy
2026-02-11,152.50074768066406,153.84380041252888,150.5498926833496,150.9420202819541,23091500,XOM,Energy
2026-02-12,147.9611358642578,153.2112816986525,147.9118045030338,151.86914039995418,30652500,XOM,Energy
2026-02-13,146.50057983398438,149.66843335045488,146.0367505798841,148.573009056918,20166000,XOM,Energy
2026-02-17,144.270263671875,147.17165857121253,143.24391231753378,146.25386332053407,19766600,XOM,Energy
2026-02-18,148.7012939453125,148.99735741858277,145.67161638544218,146.20451859059764,19849700,XOM,Energy
2026-02-19,148.98748779296875,151.36584368014013,148.85919011306916,150.20133141726754,20305000,XOM,Energy
2026-02-20,145.345947265625,148.8295908063359,144.53672317214324,148.51380081276685,25908600,XOM,Energy
2026-02-23,148.78024291992188,149.28355533426253,146.18478981965436,146.2045163413988,16073100,XOM,Energy
2026-02-24,147.29994201660156,148.7407762133805,146.08609834773506,148.44471274188743,14185500,XOM,Energy
2026-02-25,147.10256958007812,148.20785713109032,145.39529183251534,147.94141356259428,15225700,XOM,Energy
2026-02-26,146.58938598632812,148.97762012181042,144.8426402313522,145.8689764649243,15632100,XOM,Energy
2026-02-27,150.49740600585938,151.63229845401327,147.2900842385214,149.01710365170337,30275100,XOM,Energy
2026-03-02,152.19480895996094,157.5140277442215,151.0204334392882,157.25744744344775,31493100,XOM,Energy
2026-03-03,149.83619689941406,154.00078180487054,148.32628979550924,153.388913296314,25198900,XOM,Energy
2026-03-04,147.85260009765625,149.1749998639953,145.9183318111316,148.74077544915835,16764800,XOM,Energy
2026-03-05,148.78024291992188,150.32963320643273,147.5071895803822,149.0170967065771,22969300,XOM,Energy
2026-03-06,149.22434997558594,151.78033504800396,147.99076470220882,151.13886167079949,21136400,XOM,Energy
2026-03-09,148.46444702148438,151.8691391301945,147.50718371049803,150.0237005068187,25532700,XOM,Energy
2026-03-10,146.18479919433594,148.42497928748784,145.76043801499983,147.2900868194475,19617600,XOM,Energy
2026-03-11,149.5894775390625,149.8164529995664,145.72095615785696,146.046624457752,15297400,XOM,Energy
2026-03-12,151.5138702392578,152.96456766631465,149.63882672348768,150.27042175538625,26054000,XOM,Energy
2026-03-13,154.06985473632812,154.82974744779892,150.97108926767592,152.27376248734015,22414100,XOM,Energy
2026-03-16,155.165283203125,155.70806372597428,152.7277175392131,153.95143953087205,22835600,XOM,Energy
2026-03-17,156.7245330810547,158.34299629210685,154.74093346250348,156.17188931021934,21592200,XOM,Energy
2026-03-18,155.5205535888672,158.07653857282673,155.46134390714047,157.56337795891957,18947100,XOM,Energy
2026-03-19,156.08306884765625,157.46467822216096,152.80665939038394,156.18174662674213,27082700,XOM,Energy
2026-03-20,157.5732421875,160.3068712918422,157.01073514922803,157.25745219688022,53942100,XOM,Energy
2026-03-23,159.0140838623047,159.30026902536085,152.9843183312989,154.06986435705824,25021300,XOM,Energy
2026-03-24,163.20826721191406,165.2806813902276,159.13249674027693,159.58646273652485,26131800,XOM,Energy
2026-03-25,161.11610412597656,162.83326029190215,160.79043579838304,161.71809435727107,17192300,XOM,Energy
2026-03-26,163.25759887695312,163.50431592661914,159.9318578661477,161.9351991047626,18625200,XOM,Energy
2026-03-27,168.7445831298828,168.98142183830936,162.6358671348429,163.4056230540538,30338300,XOM,Energy
2026-03-30,169.21827697753906,174.09340787768787,168.80379417601876,170.24461319200663,29813500,XOM,Energy
2026-03-31,167.4320526123047,172.09007144795677,163.79050675840085,170.40252029916738,32006700,XOM,Energy
2026-04-01,158.66867065429688,165.79386038255356,157.43508538359336,163.59314847597437,37927600,XOM,Energy
2026-04-02,158.57984924316406,164.70829216920555,157.4942882287153,162.32995131495318,25377700,XOM,Energy
2026-04-06,161.2246551513672,161.59966989102813,157.4350848271786,158.46143620148837,16344300,XOM,Energy
2026-04-07,161.757568359375,164.0569730451393,159.64567103873514,162.06349508840393,25227500,XOM,Energy
2026-04-08,154.16854858398438,154.29684626632607,148.99735388970248,151.50400750448705,31311200,XOM,Energy
2026-04-09,153.00404357910156,157.1390238674347,152.28363398837865,154.80015098369313,25868400,XOM,Energy
2026-04-10,150.5072479248047,153.08297425812682,149.92499936208736,152.01715490726124,21065000,XOM,Energy
2026-04-13,150.63555908203125,152.58955387101517,149.29341774875434,152.244159041483,18685600,XOM,Energy
2026-04-14,147.28021240234375,148.13878289907458,144.79330037579695,148.09931479763057,18528200,XOM,Energy
2026-04-15,147.05322265625,148.25720304523475,144.97093018596462,146.6486181452608,15626500,XOM,Energy
2026-04-16,149.98422241210938,150.77371997111916,147.3887693274927,147.56639837260283,15191000,XOM,Energy
2026-04-17,144.5169677734375,144.8722408937409,140.10566613734218,142.95771435979552,28947400,XOM,Energy
2026-04-20,145.7406768798828,147.40848641370326,144.42815553036803,145.44462849031555,16354400,XOM,Energy
2026-04-21,146.41175842285156,146.85584607589826,144.31960277659698,145.43475353941858,17515900,XOM,Energy
2026-04-22,147.5367889404297,148.70128613345972,146.2341157498405,147.40849126178932,13738700,XOM,Energy
2026-04-23,148.5532684326172,149.24407315856882,146.54992719815058,147.88220528695376,12970400,XOM,Energy
2026-04-24,146.9545440673828,148.32629023309528,145.02027581191402,147.6749536212974,13735900,XOM,Energy
2026-04-27,146.24400329589844,149.19472962349624,146.0268910837684,147.20126666981344,13940800,XOM,Energy
2026-04-28,148.58287048339844,150.30988979505028,147.86246092975082,149.54013382081567,15173600,XOM,Energy
2026-04-29,152.63890075683594,152.9152226446687,149.0269595764905,150.02370608327118,14669100,XOM,Energy
2026-04-30,152.30335998535156,153.64550124162795,149.35261886191103,150.42830150729972,22885900,XOM,Energy
2026-05-01,150.74411010742188,152.97442670827715,149.14538852104675,150.60594916857974,15458200,XOM,Energy
2026-05-04,151.67176818847656,152.4415241398171,147.55652981525986,150.66515846041094,14238500,XOM,Energy
2026-05-05,152.8461456298828,153.25075013159284,150.40858006697343,151.08952150756775,12494600,XOM,Energy
2026-05-06,146.7374267578125,148.35588991182468,145.1584317038633,147.11244147126834,20527000,XOM,Energy
2026-05-07,144.65513610839844,145.14857018638108,142.29652181797798,144.87224830738384,22509400,XOM,Energy
2026-05-08,142.67153930664062,144.5761876566039,142.03006595775787,143.9347293661345,19550100,XOM,Energy
2026-05-11,147.7144317626953,147.75391492522851,144.08276384718866,144.10250542845526,14849500,XOM,Energy
2026-05-12,148.65196228027344,149.8164595321171,147.80325502310743,149.26381574762087,16443100,XOM,Energy
2026-05-13,149.57962036132812,149.79671751167356,147.71442500651165,148.0894397413527,15772800,XOM,Energy
2026-05-14,150.77371215820312,151.10924370941106,149.27366837965636,149.905263382453,11331500,XOM,Energy
2026-05-15,156.90402221679688,156.98350935726506,152.01567678266807,152.7608516688576,27882400,XOM,Energy
2026-05-18,159.45748901367188,160.6895017397437,154.23131965292822,156.30788510753027,20065200,XOM,Energy
2026-05-19,161.50424194335938,162.2692924138743,158.612959712182,160.46099405822483,20715600,XOM,Energy
2026-05-20,155.27456665039062,162.62695246090524,155.2646364435186,160.57027775243373,18509700,XOM,Energy
2026-05-21,154.2909393310547,158.36456815663448,152.47272592771048,157.40080741244543,17061700,XOM,Energy
2026-05-22,153.92332458496094,154.54927634853834,152.1845831622433,153.039050982118,12948500,XOM,Energy
2026-05-26,148.84619140625,153.55570196228766,148.50838244281752,152.51245412992614,13057800,XOM,Energy
2026-05-27,146.948486328125,147.73341239068998,144.812324315,146.2827985604971,16241100,XOM,Energy
2026-05-28,146.01454162597656,149.2436327977562,145.9251091176085,148.37921962101078,14012500,XOM,Energy
2026-05-29,144.32546997070312,145.9847242712525,143.77902050285167,145.2494947353263,27959900,XOM,Energy
2026-06-01,148.41897583007812,148.6872278824595,146.05428259382654,146.07415816976595,16732100,XOM,Energy
2026-06-02,148.59780883789062,149.8596425847688,147.54463073444197,148.0712197861663,10462400,XOM,Energy
2026-06-03,151.5487060546875,153.91339931686977,149.05485944903873,149.6410600803893,14373000,XOM,Energy
2026-06-04,151.0618438720703,152.44290069957347,149.96892981929165,151.07178923986044,11799400,XOM,Energy
2026-06-05,148.9554901123047,151.15127878116928,148.33948372439218,151.0320404901442,16584000,XOM,Energy
2026-06-08,150.77371215820312,152.82045666526088,149.92917459257427,150.18751157814702,13870900,XOM,Energy
2026-06-09,147.95199584960938,150.1577147624696,146.82926081757435,149.93912891268184,18163500,XOM,Energy
2026-06-10,149.65098571777344,151.5089654358688,148.5978076229357,150.25706190677164,14596500,XOM,Energy
2026-06-11,145.6568603515625,151.5089666465856,145.47801049142424,151.32018657890387,17285800,XOM,Energy
2026-06-12,146.064208984375,147.95199447310367,144.21617464648634,144.69309749283448,17713100,XOM,Energy
2026-06-15,140.01339721679688,141.06657534019064,136.83398727052634,138.8409959581125,23631400,XOM,Energy
2026-06-16,140.9473419189453,141.2354695284117,139.07943207905402,139.28808771120796,18925400,XOM,Energy
2026-06-17,139.8345489501953,141.42424618882197,139.41725285653254,140.31145660572122,16663200,XOM,Energy
2026-06-18,136.92340087890625,137.5692282188612,134.97601897282365,137.43012951128387,48063400,XOM,Energy
2026-06-22,137.57916259765625,138.10575166092363,136.1384941196488,137.64870437324234,15783300,XOM,Energy
2026-06-23,138.83103942871094,139.486796941336,137.60895690836153,138.56278739587265,13699400,XOM,Energy
2026-06-24,136.01925659179688,136.75450130722126,134.7176868182312,136.23784244879812,16212900,XOM,Energy
2026-06-25,136.66506958007812,137.18172838415734,134.08179072030313,134.76735400327686,13288800,XOM,Energy
2026-06-26,135.66156005859375,136.6948776843146,135.04555369443563,136.08880152709986,22684200,XOM,Energy
2026-06-29,135.18466186523438,136.5061071911013,134.51897409848138,135.70132071428984,11972700,XOM,Energy
2026-06-30,135.8404083251953,136.4166786942443,134.45935154509178,135.6019469157409,28784000,XOM,Energy
2026-07-01,135.4032440185547,136.60546617741443,134.75743184534812,135.6516356483452,12433400,XOM,Energy
2026-07-02,136.20802307128906,138.24483735700704,135.45291801558523,136.26763463349974,13703300,XOM,Energy
2026-07-06,135.5622100830078,136.48621961272076,135.13496862214214,135.67150299991567,13915100,XOM,Energy
2026-07-07,140.7784423828125,140.82812374084455,137.24134800388697,137.6685743295943,14667800,XOM,Energy
2026-07-08,140.2220458984375,143.0636467131422,138.91053083290223,142.5171821025025,18291400,XOM,Energy
2026-07-09,136.57565307617188,139.14898658435814,136.2378289556867,138.7614962690738,14110200,XOM,Energy
2026-07-10,137.9865264892578,138.0759438396731,136.25771524478435,137.01282036043938,9753500,XOM,Energy
2026-07-13,143.58029174804688,144.29566085231056,139.58616526996687,140.013391594685,18724300,XOM,Energy
2026-07-14,144.15655517578125,145.06070430003604,142.9642784465353,144.57385127298625,16096400,XOM,Energy
2026-07-15,143.58029174804688,144.15656214651605,141.11625103370636,144.15656214651605,13444500,XOM,Energy
2026-07-16,145.0110321044922,145.92511149334146,143.62004502594374,144.3453443482853,13518000,XOM,Energy
2026-07-17,146.41195678710938,149.03497168229288,146.2231767306124,148.07121098589766,19031400,XOM,Energy
2026-07-20,147.40553283691406,148.13083216789195,145.28923125020256,145.55749846162485,12149200,XOM,Energy
2026-07-21,150.73397827148438,150.78364446729043,147.52474760584934,148.0513366306137,13145300,XOM,Energy
2026-07-22,153.4563446044922,153.80409894761962,151.96599483786918,152.87014400150304,13788700,XOM,Energy
2026-07-23,155.88064575195312,157.54984533591656,155.05598374734197,155.59251814100296,15822800,XOM,Energy
2026-07-24,155.93032836914062,157.6889453127249,154.67842488089144,155.98000972608443,12091600,XOM,Energy
2026-07-27,153.7742919921875,154.420104155216,151.51889178426083,152.08523196835614,13955800,XOM,Energy
2026-07-28,152.055419921875,155.17521831898253,150.9028942324521,153.17815498792126,16299900,XOM,Energy
2026-07-29,155.74154663085938,158.04662815474293,154.85727306502608,156.7053073348219,14571300,XOM,Energy
2026-07-30,155.96014404296875,156.76493053038882,153.53583921231603,154.09223405988436,12578100,XOM,Energy
2026-07-31,154.4399871826172,155.1553563125088,151.16121453071767,152.7509270772818,15714200,XOM,Energy
2026-08-03,154.0624237060547,154.90696132074848,151.66792473036153,152.4727263545316,14532800,XOM,Energy
2026-08-04,152.96951293945312,153.84384119554895,148.13083352442996,150.6445556868725,14347900,XOM,Energy
2026-08-05,150.6544952392578,154.04254552700252,150.17757239730147,154.04254552700252,12227500,XOM,Energy
2026-08-06,153.84384155273438,153.87364733649875,150.8631418913171,153.227835140774,11879100,XOM,Energy
2026-08-07,152.055419921875,152.68137170710398,150.55513987163098,151.65799936147022,18455200,XOM,Energy
2026-08-10,158.76199340820312,159.33826383030498,153.45635163451644,153.50603299447087,19761600,XOM,Energy
2026-08-11,158.7719268798828,160.62989135010667,158.2453378571924,158.6328281788065,13744500,XOM,Energy
2026-08-12,158.7222442626953,159.19915192536513,156.54633125837117,157.5299675257101,13219500,XOM,Energy
2026-08-13,157.58958435058594,158.73217976988673,156.4171679882901,157.0133139569994,10542800,XOM,Energy
2026-08-14,159.07000732421875,160.22253297554738,158.22546971049474,158.68251698441384,10231300,XOM,Energy
2026-08-17,161.4600067138672,162.50999450683594,159.08999633789062,160.10000610351562,12858100,XOM,Energy
2026-08-18,165.55999755859375,165.6699981689453,163.25,164.35000610351562,18952700,XOM,Energy
2026-08-19,164.77000427246094,168.2100067138672,164.66000366210938,166.07000732421875,13648900,XOM,Energy
2026-08-20,166.14999389648438,168.63999938964844,166.07000732421875,167.02000427246094,13803000,XOM,Energy
2026-08-21,165.11000061035156,168.0,164.61000061035156,166.5399932861328,14314300,XOM,Energy
2026-08-24,164.0500030517578,165.22000122070312,162.25,163.8699951171875,10842500,XOM,Energy
2026-08-25,160.63999938964844,162.80999755859375,160.4600067138672,161.4499969482422,17525300,XOM,Energy
2026-08-26,158.19000244140625,161.1300048828125,157.75999450683594,158.0,14838400,XOM,Energy
2026-08-27,156.44000244140625,158.19000244140625,156.13999938964844,157.6300048828125,14288500,XOM,Energy
2025-08-28,153.28004455566406,153.47245944223368,151.86577238488942,152.9817845991191,6502000,CVX,Energy
2025-08-29,154.5115203857422,154.99256495147574,153.40510907636596,153.64563135923274,6934800,CVX,Energy
2025-09-02,155.69488525390625,155.723746753304,153.33776982776166,154.39605905974747,8947300,CVX,Energy
2025-09-03,152.06781005859375,155.71413619064356,151.06724379299433,153.93426537511755,9556100,CVX,Energy
2025-09-04,151.7118377685547,153.5975242487173,151.52903848438976,152.0678060501505,7243000,CVX,Energy
2025-09-05,147.83460998535156,150.77860019002173,147.671056605127,150.14361788069291,11011700,CVX,Energy
2025-09-08,148.16172790527344,149.1526785473575,147.08419276366325,148.07514340574733,9462000,CVX,Energy
2025-09-09,148.97950744628906,151.03837759442493,148.7389851641222,149.0372304451587,7769200,CVX,Energy
2025-09-10,151.8080291748047,151.93310545265888,149.12380710623083,149.17191449619892,7440800,CVX,Energy
2025-09-11,152.25059509277344,152.89519300704197,150.09551029438285,150.56693922286917,6417400,CVX,Energy
2025-09-12,151.15382385253906,153.72260006886842,151.14420824614925,152.82786422421762,5546300,CVX,Energy
2025-09-15,151.3462371826172,152.3179565896314,150.56694734393668,151.41359046759698,5030500,CVX,Energy
2025-09-16,153.49168395996094,154.03046617129704,152.12551924049419,152.25059551745076,8011000,CVX,Energy
2025-09-17,154.02085876464844,154.57887227047402,152.5969708382445,153.16459995129733,5736800,CVX,Energy
2025-09-18,152.8182373046875,154.21326363833322,152.09667044104503,153.96312574385072,6244200,CVX,Energy
2025-09-19,150.28794860839844,152.97217080660977,149.65296626290672,152.97217080660977,16734000,CVX,Energy
2025-09-22,150.13401794433594,151.1634457226759,149.2681288829748,149.72031196738973,5244000,CVX,Energy
2025-09-23,151.45205688476562,153.77069502459435,151.03836563873622,151.16342723294932,7181400,CVX,Energy
2025-09-24,153.1453399658203,154.4056890518157,152.25060412556724,152.31795741091017,6285200,CVX,Energy
2025-09-25,154.626953125,154.9059524898634,153.30889582561053,153.39548031674258,6311000,CVX,Energy
2025-09-26,154.08819580078125,155.1849768019575,153.4628290693882,154.48265586023174,7015200,CVX,Energy
2025-09-29,150.18211364746094,153.09724243177547,149.66257731502623,153.09724243177547,8315100,CVX,Energy
2025-09-30,149.40280151367188,149.8261230428178,148.09435982372705,149.01797176734672,7755700,CVX,Energy
2025-10-01,148.71974182128906,149.21040200040986,147.38243849672193,148.9602641075804,6768400,CVX,Energy
2025-10-02,147.5555877685547,150.6631458617943,147.50749506197855,148.12323144534957,7562400,CVX,Energy
2025-10-03,147.72877502441406,148.4310959131089,146.45881044509485,147.75763652118826,7249300,CVX,Energy
2025-10-06,148.18096923828125,148.7870753966262,147.12266534225859,148.13286184658662,4778900,CVX,Energy
2025-10-07,149.0372314453125,149.08533883813172,145.54484318711204,147.8249897396547,5479600,CVX,Energy
2025-10-08,147.91159057617188,148.81594204185663,147.0457015366692,148.50808114893135,5678000,CVX,Energy
2025-10-09,145.8911895751953,149.0949480187166,145.81422068606486,148.28679670331874,6178600,CVX,Energy
2025-10-10,143.2550506591797,145.61218052634322,143.24543505379498,144.9868138488109,7796600,CVX,Energy
2025-10-13,146.1798095703125,146.2182866721754,143.76495670955794,144.31335450322067,5978800,CVX,Energy
2025-10-14,146.61276245117188,147.64220487045804,143.98626322748603,144.13057072536952,6419400,CVX,Energy
2025-10-15,146.34336853027344,148.3637614425702,145.31392618230214,147.10341243366625,5824900,CVX,Energy
2025-10-16,145.9585418701172,146.93986216917875,144.53463945131608,146.37223313103863,5276800,CVX,Energy
2025-10-17,147.276611328125,148.3445308898529,146.4299681641416,146.4876911652649,7735500,CVX,Energy
2025-10-20,148.62353515625,148.85444184862118,147.3728162631259,147.6133385625607,5676500,CVX,Energy
2025-10-21,147.95968627929688,149.40282002731658,147.40168748207367,148.87368273062853,6304900,CVX,Energy
2025-10-22,149.67221069335938,150.06665607353926,147.78650956829,148.787075788727,6036700,CVX,Energy
2025-10-23,150.62466430664062,152.57770396838467,150.20134276177336,152.2024898136731,9810900,CVX,Energy
2025-10-24,149.66258239746094,151.65411393890074,149.5375061131246,151.45206876268935,4979900,CVX,Energy
2025-10-27,149.3931884765625,150.5669383074418,148.99872843759348,149.89347889963744,4884400,CVX,Energy
2025-10-28,148.2867889404297,150.30716712315646,148.05588228512644,149.0275869339393,5066500,CVX,Energy
2025-10-29,149.2200164794922,150.23019823064888,148.0270207809549,148.0270207809549,7344400,CVX,Energy
2025-10-30,147.69993591308594,149.3451001998112,147.4305521154898,149.3451001998112,8971200,CVX,Energy
2025-10-31,151.74070739746094,153.1453493862585,149.2296540379802,149.8261446348409,11136100,CVX,Energy
2025-11-03,148.2001953125,151.74069075800304,147.74802695112896,151.44244549227744,8512200,CVX,Energy
2025-11-04,147.57484436035156,147.93081262458196,146.3818486084263,147.6133214644652,6976800,CVX,Energy
2025-11-05,146.87252807617188,148.54655374379956,146.87252807617188,147.70954090998572,5894700,CVX,Energy
2025-11-06,147.14190673828125,148.92176273407097,146.89175418123983,147.11304524020946,6466300,CVX,Energy
2025-11-07,149.14305114746094,150.2494477014256,147.61331837521908,147.61331837521908,9835900,CVX,Energy
2025-11-10,149.74917602539062,150.0666672186134,146.5935246676999,149.52789962295634,8436800,CVX,Energy
2025-11-11,150.31680297851562,152.0004588666608,149.9896815346371,150.80746312386194,6361400,CVX,Energy
2025-11-12,147.50750732421875,149.88385388672117,146.314511559627,149.6818233974292,11670900,CVX,Energy
2025-11-13,149.6818084716797,150.2782989543383,148.09435281253687,148.1617060891277,7998700,CVX,Energy
2025-11-14,151.6444854736328,151.96197665131263,148.94101734042863,150.30718215691093,8484800,CVX,Energy
2025-11-17,148.95065307617188,151.90425920878755,148.58505449207854,151.74070581072363,8745000,CVX,Energy
2025-11-18,149.44679260253906,150.0888667695961,147.63732030536994,148.3572229936708,10813400,CVX,Energy
2025-11-19,147.57894897460938,147.8318953734624,146.16834231710902,147.05362502455012,7539900,CVX,Energy
2025-11-20,146.2266845703125,148.8825173865797,145.97375305971028,148.3961003586195,7623400,CVX,Energy
2025-11-21,145.90567016601562,146.90768821138548,144.70908824815808,146.35318043258204,9248400,CVX,Energy
2025-11-24,145.68191528320312,146.0418591717995,143.7265239679138,145.75002079957068,14181100,CVX,Energy
2025-11-25,144.49505615234375,145.8278341972732,144.2421246154602,144.85500004026866,11447900,CVX,Energy
2025-11-26,145.4484405517578,146.37264494674568,144.1740300840659,144.2323977628499,7578900,CVX,Energy
2025-11-28,147.02442932128906,147.40383404468054,145.20521937309888,145.3997980778297,3848600,CVX,Energy
2025-12-01,148.3961181640625,149.76781791011962,147.38437715598926,147.62758569915096,8209000,CVX,Energy
2025-12-02,146.1683349609375,148.3183050216261,145.20522378264818,147.89025560905304,9196300,CVX,Energy
2025-12-03,147.471923828125,148.35720645879925,146.87849440851897,146.93686208187842,8060200,CVX,Energy
2025-12-04,148.12371826171875,148.78525318454777,147.1119773050205,147.6275782028,7254700,CVX,Energy
2025-12-05,145.9251251220703,148.48368373271077,145.7597450949112,147.87079345703125,12659800,CVX,Energy
2025-12-08,144.67018127441406,145.99323638805848,143.64870238948086,145.19550521406066,10237200,CVX,Energy
2025-12-09,144.45616149902344,146.02242521764913,144.1934920980863,145.0009462978024,8916700,CVX,Energy
2025-12-10,147.29681396484375,147.67621866832454,144.66042703451396,145.12738324396642,10976300,CVX,Energy
2025-12-11,146.6255645751953,147.81242342816253,146.02241215112943,146.73257692568487,8414200,CVX,Energy
2025-12-12,145.9154052734375,147.43302423237643,145.56518437181532,147.04388165042306,5848100,CVX,Energy
2025-12-15,145.73056030273438,146.02241351992083,144.39776740791288,145.76946713769934,7503000,CVX,Energy
2025-12-16,142.76339721679688,144.7771708308965,142.5104657070619,144.50476363944477,11290500,CVX,Energy
2025-12-17,145.4581756591797,145.798658727108,143.3471271986448,143.49304639286095,8805300,CVX,Energy
2025-12-18,143.67788696289062,145.21496679721116,143.0844575005534,144.80637821000272,6998800,CVX,Energy
2025-12-19,143.73623657226562,144.9620021798076,143.19145185780252,143.94053826232437,21701400,CVX,Energy
2025-12-22,145.73056030273438,146.40181824898184,144.6604367878078,144.76744913930045,8143600,CVX,Energy
2025-12-23,146.4212646484375,146.9757872470493,145.77920538198077,145.96403140391342,4663700,CVX,Energy
2025-12-24,146.41156005859375,146.88825420272286,146.02243228186157,146.29482469442874,2227600,CVX,Energy
2025-12-26,145.944580078125,147.03414955161077,145.58462135656427,146.29480095806983,3706900,CVX,Energy
2025-12-29,146.8882293701172,147.52056561147387,146.01266975408024,146.89795236739613,5589100,CVX,Energy
2025-12-30,148.17236328125,148.5225841602042,147.3551861784471,147.3843700146707,5150500,CVX,Energy
2025-12-31,148.2696533203125,148.4058495047457,147.54975072015372,148.2501924813161,4953100,CVX,Energy
2026-01-02,151.6648406982422,151.6648406982422,147.14116775938132,148.0361734117126,6862100,CVX,Energy
2026-01-05,159.39889526367188,161.2472743715493,154.9822195261624,161.2472743715493,35094900,CVX,Energy
2026-01-06,152.28746032714844,160.56628893420873,151.86914874312845,160.40090890022836,20564900,CVX,Energy
2026-01-07,150.98387145996094,153.71753330617227,150.69201821837032,153.16302550699535,13537900,CVX,Energy
2026-01-08,154.923828125,156.0815030618964,150.99358495082737,151.27570030416013,12929600,CVX,Energy
2026-01-09,157.70616149902344,158.2801301462191,155.59511294929922,156.1982654365711,12549600,CVX,Energy
2026-01-12,157.9298858642578,159.11674466607073,156.34417635896654,158.28010673764967,9796800,CVX,Energy
2026-01-13,159.4183349609375,161.616949744405,158.86382718819505,159.02920722021548,12068600,CVX,Energy
2026-01-14,162.69679260253906,164.7689192990397,159.64209388997168,159.64209388997168,16414900,CVX,Energy
2026-01-15,161.6461181640625,162.78433228359071,160.6149163896662,161.2667134575531,8097400,CVX,Energy
2026-01-16,161.743408203125,162.7454262382073,161.30563578345428,162.064445269356,9745800,CVX,Energy
2026-01-20,160.8094940185547,163.0956454505688,160.66355998399743,162.18119378432615,11142500,CVX,Energy
2026-01-21,162.20062255859375,163.90308220443572,161.54882550406953,162.4632919174907,10918500,CVX,Energy
2026-01-22,162.13255310058594,163.0080979524137,161.22780956571003,161.74341050978427,8957400,CVX,Energy
2026-01-23,162.19091796875,163.86419396953357,161.91852558204306,163.38749987066055,8368700,CVX,Energy
2026-01-26,162.94972229003906,163.83500494092647,162.2395575074993,163.75717642657986,8912600,CVX,Energy
2026-01-27,164.45761108398438,164.74946428906767,162.12280028758875,163.21238459694828,9784900,CVX,Energy
2026-01-28,165.31370544433594,165.79039953751808,163.6307064656447,165.34290412652973,9200200,CVX,Energy
2026-01-29,166.53948974609375,170.1681571703616,166.3935557089409,167.95981937104128,16786600,CVX,Energy
2026-01-30,172.09437561035156,172.48351822307256,166.61732879029327,167.9306461420104,22946600,CVX,Energy
2026-02-02,169.3023223876953,171.481476181949,167.95980653867312,168.72835381385306,14235300,CVX,Energy
2026-02-03,173.20338439941406,173.96220868817042,169.0299324547445,169.1564056435824,18425400,CVX,Energy
2026-02-04,176.3067169189453,177.6297718671964,174.02056572769214,174.02056572769214,16170500,CVX,Energy
2026-02-05,174.36105346679688,175.5576501105748,172.590503104725,174.75991901472284,10474100,CVX,Energy
2026-02-06,175.94677734375,177.15309698145035,174.63344536041276,175.40199261842417,9901800,CVX,Energy
2026-02-09,177.6395263671875,177.85355107331895,175.0615068957937,176.09270874664264,12021300,CVX,Energy
2026-02-10,177.30874633789062,177.98000427459178,175.94678446941796,177.76597957465023,7458200,CVX,Energy
2026-02-11,180.77203369140625,181.45301457034213,178.56369620003505,178.94310089289004,10502100,CVX,Energy
2026-02-12,177.4449462890625,180.75259136651906,177.14337007209383,180.75259136651906,9673700,CVX,Energy
2026-02-13,178.74856567382812,179.81867441373743,176.78343638481854,177.58115272953114,9034700,CVX,Energy
2026-02-17,177.36343383789062,180.55607382808714,175.58538134936003,180.06489844497997,9849000,CVX,Energy
2026-02-18,180.62484741210938,180.6739679528922,178.76820489060034,179.99614346274876,10313400,CVX,Energy
2026-02-19,181.51876831054688,184.58369781887117,181.4794808763685,182.0197617911052,10773300,CVX,Energy
2026-02-20,180.68377685546875,181.62684022618225,179.1022064450623,181.33213198599154,9566200,CVX,Energy
2026-02-23,181.646484375,183.3361288975989,180.80166211370053,181.41071479411997,7047200,CVX,Energy
2026-02-24,182.0688934326172,182.67796112065682,180.60520033583146,182.01977289478572,7451800,CVX,Energy
2026-02-25,180.96865844726562,182.6975903909533,179.2888320500569,182.56006188394954,9440700,CVX,Energy
2026-02-26,180.90972900390625,182.97265671391656,178.55207806312956,179.67195738841625,7133800,CVX,Energy
2026-02-27,183.46383666992188,184.23990222419712,180.52661726459598,182.7172554310416,12035500,CVX,Energy
2026-03-02,186.2537078857422,188.06122966525737,183.91570830799967,186.97081973499323,15809100,CVX,Energy
2026-03-03,185.43836975097656,188.1791219620635,184.11219013915394,187.15748369768082,14004200,CVX,Energy
2026-03-04,182.74671936035156,185.13383961502186,180.89989504723084,184.14165570704438,11054400,CVX,Energy
2026-03-05,186.5484161376953,186.61718789056943,183.1986112080855,183.3066703986848,13567200,CVX,Energy
2026-03-06,186.58770751953125,189.01411511886573,184.79982192444976,187.5111196409924,13073100,CVX,Energy
2026-03-09,186.09652709960938,188.26751384691508,184.78999881305094,187.62899185993876,15987500,CVX,Energy
2026-03-10,183.0021209716797,185.8411141381038,182.36359895781828,185.30083319844417,11999600,CVX,Energy
2026-03-11,188.40505981445312,188.47383156776982,183.19861238702967,183.29683847671672,11371700,CVX,Energy
2026-03-12,193.49363708496094,195.36993069889576,188.38541595427884,189.18111769906702,27151800,CVX,Energy
2026-03-13,193.34629821777344,194.1419999944813,191.2538861460719,192.54076333946207,13017000,CVX,Energy
2026-03-16,193.3659210205078,194.34827178568756,192.12816445259523,193.13016643013384,12683900,CVX,Energy
2026-03-17,194.4759979248047,197.03993422905617,192.9926535455191,194.00447371640337,14018600,CVX,Energy
2026-03-18,195.1046905517578,197.1872694251227,195.00644947719087,195.7039251318559,13305000,CVX,Energy
2026-03-19,197.88475036621094,198.86710118018976,195.4878119817852,196.26386252945557,16918400,CVX,Energy
2026-03-20,198.16961669921875,201.46049777557772,197.45250483394182,197.8454391462758,35849500,CVX,Energy
2026-03-23,201.5882110595703,201.7355576814351,193.88656951796344,195.1243410995613,15735700,CVX,Energy
2026-03-24,203.14031982421875,206.08737228932236,202.17762021600709,202.41338980942962,16695500,CVX,Energy
2026-03-25,201.5292510986328,203.58237556559646,201.00860639840053,202.3642552349586,8865000,CVX,Energy
2026-03-26,204.12266540527344,205.51761672702105,201.53909300337904,202.39373339968216,11085600,CVX,Energy
2026-03-27,207.42335510253906,208.71024717766784,202.60984241785945,204.4763028491884,13907800,CVX,Energy
2026-03-30,206.99114990234375,210.92055322078087,206.57854936316187,209.49613252626014,10409000,CVX,Energy
2026-03-31,203.2483673095703,209.33895404496178,198.3955671209947,207.17777037008966,17403900,CVX,Energy
2026-04-01,193.92587280273438,201.16579331911703,191.4699958308832,198.4250412139038,23051900,CVX,Energy
2026-04-02,195.45834350585938,201.85344193643624,194.54474945035759,198.93585880708252,11528000,CVX,Energy
2026-04-06,195.35028076171875,196.2442235875341,192.88458564899707,194.99663387400517,8245700,CVX,Energy
2026-04-07,197.98297119140625,201.0086134167756,195.7235763708982,196.44068824898596,11672600,CVX,Energy
2026-04-08,189.4856414794922,189.7606984989148,185.27136322588763,188.0317665211894,17195400,CVX,Energy
2026-04-09,187.0002899169922,193.1989207693204,185.9295311938336,190.88057239295452,11634000,CVX,Energy
2026-04-10,185.2222442626953,187.58971326164664,183.17895282285,186.36177477540426,11151400,CVX,Energy
2026-04-13,188.39523315429688,189.2105861080738,186.37159292685493,188.0710555951217,12000200,CVX,Energy
2026-04-14,183.71925354003906,185.83130179559518,181.34196636749053,185.27136962581548,12111000,CVX,Energy
2026-04-15,181.646484375,183.9353634665379,180.79182901273688,183.0708899927943,8661600,CVX,Energy
2026-04-16,184.8292999267578,184.90788979073002,182.06889653372593,182.34395356288672,8013200,CVX,Energy
2026-04-17,180.7427215576172,181.04724789461181,174.60302931342582,178.6797789677757,15720600,CVX,Energy
2026-04-20,180.01577758789062,182.9824810936249,179.60319206555403,181.24371604346968,9661100,CVX,Energy
2026-04-21,182.69760131835938,183.0807175386048,179.1218449329075,180.7230815662459,9799000,CVX,Energy
2026-04-22,183.03160095214844,186.07687931702083,182.8351188083967,183.964831177037,8708300,CVX,Energy
2026-04-23,184.2890167236328,185.094536587933,182.2260740405874,183.81747754554698,6684700,CVX,Energy
2026-04-24,181.94119262695312,183.12982866401913,179.9666579868534,181.9608288499166,9626700,CVX,Energy
2026-04-27,181.51876831054688,185.04540386525113,180.42835839093416,182.90388644968678,10836600,CVX,Energy
2026-04-28,185.0355987548828,186.60736604314013,183.25754619110052,184.95700889152155,10754900,CVX,Energy
2026-04-29,188.8274688720703,189.2204031898196,186.15547354082176,186.7743593312861,8644600,CVX,Energy
2026-04-30,189.8982391357422,190.7037740222674,185.1731339773951,186.89224795331256,11748600,CVX,Energy
2026-05-01,187.2655487060547,190.66447427788046,186.40107515507725,187.9237219816454,10435900,CVX,Energy
2026-05-04,188.8863983154297,190.2911676624147,184.65246904166517,187.48164395792733,8229500,CVX,Energy
2026-05-05,189.24005126953125,190.25187136099336,187.08870069018533,187.8451149782872,5642800,CVX,Energy
2026-05-06,181.89207458496094,183.4834780568493,179.907721806167,182.31447822671564,11082900,CVX,Energy
2026-05-07,179.2790069580078,180.20241903599913,176.36142411136822,178.37524609153274,12194000,CVX,Energy
2026-05-08,178.41455078125,179.50496078888713,177.5500922541974,178.82713632610137,13053000,CVX,Energy
2026-05-11,181.4794921875,181.9313651613874,179.77019639929262,179.77019639929262,12042100,CVX,Energy
2026-05-12,182.66812133789062,183.5915334532052,181.40089544929887,183.20841725530693,8995100,CVX,Energy
2026-05-13,182.71725463867188,182.7270727507715,180.71326553800785,182.53060558239017,7554700,CVX,Energy
2026-05-14,183.345947265625,184.25954127701567,181.9804802937693,182.90389241665417,6222400,CVX,Energy
2026-05-15,187.72723388671875,188.12016819001704,184.58369950240112,185.27135701739738,11210800,CVX,Energy
2026-05-18,192.65863037109375,192.73722023231093,185.69376693135175,187.7959970030907,9869700,CVX,Energy
2026-05-19,195.54345703125,197.14943647656602,191.79616157432926,193.24352165728013,11819200,CVX,Energy
2026-05-20,189.6746826171875,196.47533293898638,189.6152041361591,194.55211470959853,14564900,CVX,Energy
2026-05-21,189.35743713378906,192.48019341746198,187.36483245647818,192.11338425290108,9051200,CVX,Energy
2026-05-22,189.7738037109375,190.3388795203656,188.1579162178831,188.72297690053614,7209600,CVX,Energy
2026-05-26,183.11195373535156,188.84194578014933,182.30894889451795,188.3561796606487,14264600,CVX,Energy
2026-05-27,180.82192993164062,182.13051699236496,179.10690155063838,180.2767004497806,9442800,CVX,Energy
2026-05-28,181.4464874267578,183.6571900134226,180.51461755677323,182.12061217118776,8725400,CVX,Energy
2026-05-29,180.8814239501953,181.3870061556587,178.83923367258456,181.13916907178498,13886500,CVX,Energy
2026-06-01,184.22225952148438,186.3140050749503,182.42792148840587,182.7848074875158,8850500,CVX,Energy
2026-06-02,185.92738342285156,186.81959087444886,183.28048518121938,183.28048518121938,6549800,CVX,Energy
2026-06-03,188.06869506835938,189.82337069065628,186.33383552103973,187.25578219104912,7983700,CVX,Energy
2026-06-04,186.720458984375,188.45531851521605,186.04633427218252,187.36482933083468,5163200,CVX,Energy
2026-06-05,185.689453125,187.9695573075498,184.97568111782311,187.42431270112647,6310900,CVX,Energy
2026-06-08,187.60276794433594,189.37727484209876,186.86916471678475,187.0674313622167,6113000,CVX,Energy
2026-06-09,185.1442108154297,187.7415537564023,183.86537811065833,186.86916237530232,8469900,CVX,Energy
2026-06-10,188.1579132080078,191.02290923322064,186.60148909264186,187.5531901308008,10041800,CVX,Energy
2026-06-11,184.2123565673828,190.58671915929676,183.9446882789702,190.1505234675948,9274100,CVX,Energy
2026-06-12,185.60023498535156,186.77001875032343,182.76497816514808,183.47875017070805,8703400,CVX,Energy
2026-06-15,178.8392333984375,180.09825001808318,176.22207440181367,177.35221089747452,10184900,CVX,Energy
2026-06-16,178.55174255371094,178.69053071035674,176.78714379345382,177.07462814408635,6663500,CVX,Energy
2026-06-17,176.04364013671875,178.5220109881872,175.56779716873388,177.4612610029066,8430000,CVX,Energy
2026-06-18,172.1278076171875,174.1204122250015,170.73991094170302,174.1204122250015,19146100,CVX,Energy
2026-06-22,173.54544067382812,173.93206592735817,171.364477317331,172.57392352104563,11108900,CVX,Energy
2026-06-23,174.4574737548828,174.87383823558957,173.18854911079316,174.2592071155141,6555300,CVX,Energy
2026-06-24,169.9666748046875,172.48470813242324,169.38178289752412,172.3855672448334,10634600,CVX,Energy
2026-06-25,170.74984741210938,171.27526083412147,167.80554156517903,168.74731948425116,7954200,CVX,Energy
2026-06-26,169.58004760742188,170.75975457308752,168.45981912291998,170.74984653515205,13102200,CVX,Energy
2026-06-29,167.012451171875,170.11537622601344,166.91331029006062,169.8873552231953,8813700,CVX,Energy
2026-06-30,164.32589721679688,168.98524656793634,163.77074456051866,168.231812140037,19428800,CVX,Energy
2026-07-01,164.25650024414062,166.021098986479,163.3543696717164,163.3543696717164,9175500,CVX,Energy
2026-07-02,167.7361297607422,168.08310771733343,165.9516997908543,166.8240911376383,9561800,CVX,Energy
2026-07-06,166.64566040039062,167.79561296737074,165.71379054947784,167.3990796858983,9974300,CVX,Energy
2026-07-07,172.5045166015625,173.09933164732058,168.52921526362996,168.6680034240702,9748900,CVX,Energy
2026-07-08,174.44757080078125,177.03499060589527,173.4363912457271,175.270391748575,9921800,CVX,Energy
2026-07-09,172.54417419433594,174.07084391660874,172.3954628736556,173.11915802206258,6582400,CVX,Energy
2026-07-10,174.87384033203125,174.89367153423836,172.0088442474984,173.45621947311395,5996600,CVX,Energy
2026-07-13,180.6236572265625,180.8021077864773,177.4711768935554,177.4711768935554,7685100,CVX,Energy
2026-07-14,180.18746948242188,181.77363288285085,179.06725614039013,181.1689097881995,6823300,CVX,Energy
2026-07-15,180.02886962890625,180.8219362216628,177.0349933228906,180.59393033258408,6665700,CVX,Energy
2026-07-16,182.26930236816406,183.2309114468484,180.3758234501959,180.99046969361547,6257600,CVX,Energy
2026-07-17,185.75885009765625,186.5221774006786,183.8951104450309,185.84806781461606,7058300,CVX,Energy
2026-07-20,188.06869506835938,188.703157383451,184.3213845295161,184.67827052717857,7767000,CVX,Energy
2026-07-21,189.41693115234375,189.60527462703973,187.68207158878008,188.85185534793104,6892400,CVX,Energy
2026-07-22,191.31039428710938,192.0241662866403,190.27939869155074,191.7267587657066,6142400,CVX,Energy
2026-07-23,192.73794555664062,195.9796589162297,192.34141226495422,194.60168530647266,8150000,CVX,Energy
2026-07-24,193.104736328125,195.16674268877938,192.12331115349815,192.77760468776617,6700400,CVX,Energy
2026-07-27,188.35618591308594,190.82464874253338,187.0376907964813,187.0376907964813,7369200,CVX,Energy
2026-07-28,185.95712280273438,190.30914139552678,185.11447066587763,189.8134672272052,7406800,CVX,Energy
2026-07-29,190.20008850097656,191.88537761271655,189.12943050455033,190.83455081810604,8101200,CVX,Energy
2026-07-30,190.6461944580078,191.44918418306943,187.67214947524624,188.26696452250857,6645000,CVX,Energy
2026-07-31,195.12709045410156,195.84086245030258,189.8828494022017,193.42197014392966,9958100,CVX,Energy
2026-08-03,191.5086669921875,194.16548843611125,190.15052459325534,193.68964546360823,9544100,CVX,Energy
2026-08-04,188.75271606445312,189.81346603887252,184.7278442631638,188.50487898184394,9455900,CVX,Energy
2026-08-05,184.7972412109375,189.72424349814156,184.65845305327434,189.53588489986126,8260600,CVX,Energy
2026-08-06,187.59283447265625,188.13807906271805,185.4019632018278,187.33508936043367,7182100,CVX,Energy
2026-08-07,184.94593811035156,186.12564501836846,184.2619053568443,184.59897527825967,7098800,CVX,Energy
2026-08-10,193.2237091064453,193.30301878907449,187.24587981009512,187.24587981009512,13667300,CVX,Energy
2026-08-11,194.9585723876953,195.7516541021881,192.56941920624195,192.56941920624195,6049800,CVX,Energy
2026-08-12,194.8990936279297,195.69216021451425,192.89656570522,193.53102805055298,7366200,CVX,Energy
2026-08-13,195.98956298828125,196.3861113987189,192.07374008670726,193.31292550662153,5908900,CVX,Energy
2026-08-14,198.26966857910156,199.88557121858932,196.64385790182394,197.14944011106155,7910500,CVX,Energy
2026-08-17,200.94630432128906,201.91782145332886,198.07140020275753,198.99334689273124,8357800,CVX,Energy
2026-08-18,203.9600067138672,204.43584966709753,201.94757085501675,203.2561427580939,7701600,CVX,Energy
2026-08-19,205.75999450683594,207.67999267578125,204.25999450683594,205.0500030517578,8689900,CVX,Energy
2026-08-20,205.77000427246094,208.97999572753906,205.52000427246094,208.89999389648438,8200600,CVX,Energy
2026-08-21,205.27000427246094,207.82000732421875,205.00999450683594,205.92999267578125,7359100,CVX,Energy
2026-08-24,203.08999633789062,205.3000030517578,201.75,203.6699981689453,5853900,CVX,Energy
2026-08-25,199.88999938964844,202.05999755859375,199.7899932861328,201.02999877929688,8176800,CVX,Energy
2026-08-26,200.2100067138672,202.38999938964844,198.1199951171875,198.72999572753906,6863100,CVX,Energy
2026-08-27,199.77000427246094,200.8800048828125,197.82000732421875,199.57000732421875,8112300,CVX,Energy
